"OBJECTID","YEAR_","STATE","AGENCY","UNIT_ID","FIRE_NAME","INC_NUM","ALARM_DATE","CONT_DATE","CAUSE","C_METHOD","OBJECTIVE","GIS_ACRES","COMMENTS","COMPLEX_NAME","IRWINID","FIRE_NUM","COMPLEX_ID","DECADES","Shape__Area","Shape__Length","Lon","Lat","TEMPERATURE_2M_ALARM_DATE"
7131,2004,"NV","USF U.S. Forest Service","HTF","GATES COMPLEX","A5TO",NA,NA,"Unknown/Unidentified","Unknown",NA,8905.459,NA,"GATES COMPLEX",NA,"A5TO",NA,"2000-2009",59175787.6953125,47873.7177013863,-119.566665385922,38.6498936165249,NA
7173,2004,"CA","CDF CAL FIRE (State)","TUU","CASTLE","00006407",NA,NA,"Unknown/Unidentified","Unknown","Suppression (Wildfire)",570.1089,NA,NA,NA,"00000000",NA,"2000-2009",3570965.6171875,12121.223892073,-119.066091983466,36.4288710970804,NA
7199,2004,"CA","CDF CAL FIRE (State)","TUU","STAGEL","00000000",NA,NA,"Unknown/Unidentified","Unknown","Suppression (Wildfire)",313.3734,NA,NA,NA,"00000000",NA,"2000-2009",1935718.47265625,6727.74963230053,-118.902369029632,35.8780714153263,NA
7177,2004,"CA","USF U.S. Forest Service","BDF","UPPER SANTA ANA ESCAPE",NA,2004-01-01 08:00:00,NA,"Escaped Prescribed Burn","Hand-drawn",NA,512.9036,NA,NA,NA,NA,NA,"2000-2009",3042007.23046875,10537.7669612774,-116.870498602089,34.2023712982639,0.902490234375023
7381,2004,"CA","CCO Contract County","ORC","EL MORO","04009201",2004-02-11 08:00:00,2004-02-11 08:00:00,"Powerline","Unknown","Suppression (Wildfire)",4.767303,NA,NA,NA,"04009201",NA,"2000-2009",27868.65234375,833.444378064975,-117.806946393034,33.5798167786533,11.5287109375
7356,2004,"CA","CDF CAL FIRE (State)","MVU","EMERALD","00001167",2004-02-13 08:00:00,2004-02-13 08:00:00,"Equipment Use","Hand-drawn","Suppression (Wildfire)",11.67706,NA,NA,NA,"00000124",NA,"2000-2009",67614.23046875,1114.4216001604,-117.133697871239,33.1614082040852,6.33217773437502
7264,2004,"CA","CDF CAL FIRE (State)","SKU","WINTERS","00001001",2004-03-18 08:00:00,2004-03-18 08:00:00,"Escaped Prescribed Burn","GPS Ground","Suppression (Wildfire)",63.3854,NA,NA,NA,"00000046",NA,"2000-2009",458076.36328125,4686.21679788205,-122.63016661551,41.5287407336116,5.53676757812502
7372,2004,"CA","CDF CAL FIRE (State)","MVU","COLE GRADE","00002358",2004-03-28 08:00:00,2004-03-28 08:00:00,"Debris","Hand-drawn","Suppression (Wildfire)",8.136972,NA,NA,NA,"00000243",NA,"2000-2009",47273.17578125,903.438036256755,-117.038102602455,33.3084830584608,11.84755859375
7171,2004,"CA","CDF CAL FIRE (State)","AEU","SCOTT","00015503",2004-04-04 08:00:00,2004-04-04 08:00:00,"Unknown/Unidentified","GPS Ground","Suppression (Wildfire)",609.0591,NA,NA,NA,"00000602",NA,"2000-2009",4031483.26171875,11032.7449378772,-121.11323096331,38.5096747112783,11.97451171875
7202,2004,"CA","USF U.S. Forest Service","SHF","HAMILTON","00000000",2004-04-07 07:00:00,2004-04-13 07:00:00,"Debris","Unknown","Suppression (Wildfire)",289.7699,NA,NA,NA,"00000002",NA,"2000-2009",2008086.04296875,7231.09867588445,-122.803153212654,40.1270997167501,8.40273437500002
7280,2004,"CA","CDF CAL FIRE (State)","BEU","PINECYN","00001204",2004-04-10 07:00:00,2004-04-10 07:00:00,"Powerline","Hand-drawn","Suppression (Wildfire)",49.67436,NA,NA,NA,"00000119",NA,"2000-2009",309251.703125,2764.2454676401,-121.175941546188,36.1890623390584,14.149560546875
7373,2004,"CA","CDF CAL FIRE (State)","TCU","KARDAS","00002600",2004-04-11 07:00:00,2004-04-11 07:00:00,"Debris","GPS Ground","Suppression (Wildfire)",7.65092,NA,NA,NA,"00000217",NA,"2000-2009",50281.6796875,1005.16676480515,-120.307728085058,38.2485418021081,9.72670898437502
7146,2004,"CA","CDF CAL FIRE (State)","RRU","PLEASURE","00032913",2004-04-25 07:00:00,2004-04-26 07:00:00,"Unknown/Unidentified","Unknown","Suppression (Wildfire)",2456.282,NA,NA,NA,"00000611",NA,"2000-2009",14332722.7109375,17752.737429058,-116.843073071687,33.5001808155442,15.35830078125
7285,2004,"CA","CDF CAL FIRE (State)","MMU","RIMS","00007163",2004-04-26 07:00:00,2004-04-27 07:00:00,"Unknown/Unidentified","Hand-drawn","Suppression (Wildfire)",43.39124,NA,NA,NA,"00000095",NA,"2000-2009",275701.234375,3741.59889049201,-120.934467803394,36.9829845013591,20.918603515625
7287,2004,"CA","CCO Contract County","VNC","KOENIGSTEIN INCIDENT","04032497",2004-04-26 07:00:00,2004-04-26 07:00:00,"Unknown/Unidentified","Unknown","Suppression (Wildfire)",40.23289,NA,NA,NA,"04032497",NA,"2000-2009",239999.2890625,2346.79428518881,-119.116186354051,34.4465382899803,15.36806640625
7239,2004,"CA","USF U.S. Forest Service","PNF","STONY","00000000",2004-04-27 07:00:00,2004-04-29 07:00:00,"Debris","GPS Air","Suppression (Wildfire)",91.00238,NA,NA,NA,"00000012",NA,"2000-2009",631688.91796875,4273.59852323274,-120.49139854386,40.1839538544155,10.10927734375
7307,2004,"CA","CDF CAL FIRE (State)","MMU","BUTTS","00007243",2004-04-28 07:00:00,2004-04-28 07:00:00,"Equipment Use","Hand-drawn","Suppression (Wildfire)",27.24448,NA,NA,NA,"00000097",NA,"2000-2009",173900.515625,1711.51096248549,-121.070674935337,37.1578634545497,19.168603515625
7289,2004,"CA","CDF CAL FIRE (State)","MMU","DAM","00007352",2004-04-29 07:00:00,2004-04-29 07:00:00,"Equipment Use","Hand-drawn","Suppression (Wildfire)",38.81792,NA,NA,NA,"00000101",NA,"2000-2009",247391.8984375,2212.00096459558,-119.878968768418,37.0990657973382,16.841943359375
7272,2004,"CA","CDF CAL FIRE (State)","MMU","210","00007418",2004-04-30 07:00:00,2004-04-30 07:00:00,"Vehicle","Hand-drawn","Suppression (Wildfire)",56.48629,NA,NA,NA,"00000105",NA,"2000-2009",359731.875,2990.69851140205,-119.665585707323,37.0711262859743,14.1556640625
7301,2004,"CA","CDF CAL FIRE (State)","MMU","DAMET","00007425",2004-04-30 07:00:00,2004-04-30 07:00:00,"Unknown/Unidentified","Hand-drawn","Suppression (Wildfire)",33.48191,NA,NA,NA,"00000106",NA,"2000-2009",213428.1484375,1844.7664760371,-119.885115036869,37.1068193263438,17.349267578125
7224,2004,"CA","CDF CAL FIRE (State)","SLU","AIRCRAFT","00003084",2004-05-01 07:00:00,2004-05-01 07:00:00,"Equipment Use","Hand-drawn","Suppression (Wildfire)",126.6547,NA,NA,NA,"00000110",NA,"2000-2009",780419.3125,3802.26627236736,-120.202592823651,35.7791128915267,15.11953125
7274,2004,"CA","CDF CAL FIRE (State)","MMU","152","00007489",2004-05-01 07:00:00,2004-05-01 07:00:00,"Equipment Use","Hand-drawn","Suppression (Wildfire)",54.56896,NA,NA,NA,"00000109",NA,"2000-2009",347566.3671875,3307.06987183117,-121.203629839651,37.0760259308919,13.5990234375
7349,2004,"CA","CDF CAL FIRE (State)","MMU","152","00007489",2004-05-01 07:00:00,2004-05-01 07:00:00,"Equipment Use","Hand-drawn","Suppression (Wildfire)",12.81754,NA,NA,NA,"00000110",NA,"2000-2009",81650.0078125,1652.84973733542,-121.193713620837,37.0813105012261,13.746484375
7130,2004,"CA","CDF CAL FIRE (State)","RRU","EAGLE","00035190",2004-05-02 07:00:00,2004-05-07 07:00:00,"Unknown/Unidentified","Unknown","Suppression (Wildfire)",8946.074,NA,NA,NA,"00000666",NA,"2000-2009",52179524.921875,61593.2321416169,-117.00312733349,33.4817727960178,18.312890625
7186,2004,"CA","CDF CAL FIRE (State)","RRU","GAFFORD","00035197",2004-05-02 07:00:00,2004-05-03 07:00:00,"Unknown/Unidentified","Unknown","Suppression (Wildfire)",406.0063,NA,NA,NA,"00000667",NA,"2000-2009",2377149.1875,8052.21693446818,-117.254715353102,33.6479614216432,19.23232421875
7124,2004,"CA","CDF CAL FIRE (State)","RRU","CERRITO","00035517",2004-05-03 07:00:00,2004-05-07 07:00:00,"Playing with Fire","Unknown","Suppression (Wildfire)",16447.4,NA,NA,NA,"00000681",NA,"2000-2009",96549302.9414062,86449.6394260883,-117.381362962208,33.7605823185035,21.560693359375
7159,2004,"CA","CCO Contract County","SBC","CACHUMA","00000015",2004-05-03 07:00:00,2004-05-12 07:00:00,"Lightning","Hand-drawn","Suppression (Wildfire)",1115.115,NA,NA,NA,"00000015",NA,"2000-2009",6696180.28125,12107.6130643843,-119.899519185757,34.724451806318,20.266748046875
7192,2004,"CA","CDF CAL FIRE (State)","RRU","SCHOOL","00035567",2004-05-03 07:00:00,2004-05-03 07:00:00,"Unknown/Unidentified","Unknown","Suppression (Wildfire)",359.1083,NA,NA,NA,"00000685",NA,"2000-2009",2094230.0703125,7105.40321727075,-116.902589249021,33.474865076689,20.072412109375
7240,2004,"CA","CCO Contract County","LAC","WAYSIDE","00090871",2004-05-03 07:00:00,2004-05-04 07:00:00,"Miscellaneous","Hand-drawn","Suppression (Wildfire)",90.6327,NA,NA,NA,"00090871",NA,"2000-2009",540784.453125,5679.53092976618,-118.597850364611,34.4572674821467,20.3939453125
7325,2004,"CA","CDF CAL FIRE (State)","MMU","LA PALOMA","00007655",2004-05-03 07:00:00,2004-05-03 07:00:00,"Miscellaneous","Hand-drawn","Suppression (Wildfire)",18.92175,NA,NA,NA,"00000114",NA,"2000-2009",121755.125,1391.49594912365,-120.313877899235,37.4637116665085,22.767724609375
7175,2004,"CA","USF U.S. Forest Service","PNF","COTTONWOOD","00000000",2004-05-04 07:00:00,2004-05-10 07:00:00,"Debris","GPS Air","Suppression (Wildfire)",566.9303,NA,NA,NA,"00000015",NA,"2000-2009",3934471.15234375,10325.0389685381,-120.489069911655,40.176576221405,13.34658203125
7254,2004,"CA","USF U.S. Forest Service","LNF","CAL","00000000",2004-05-04 07:00:00,2004-05-05 07:00:00,"Debris","GPS Air","Suppression (Wildfire)",73.06966,NA,NA,NA,"00000002",NA,"2000-2009",514761.75390625,4610.10084601081,-121.177338344185,40.684740780668,12.92763671875
7247,2004,"CA","CDF CAL FIRE (State)","SLU","NIPOMO","00003219",2004-05-05 07:00:00,2004-05-05 07:00:00,"Unknown/Unidentified","Hand-drawn","Suppression (Wildfire)",83.9148,NA,NA,NA,"00000123",NA,"2000-2009",508540.24609375,3321.91103762751,-120.505612171394,35.1039740285611,13.457666015625
7304,2004,"CA","CDF CAL FIRE (State)","MVU","LA POSTA","00003477",2004-05-06 07:00:00,2004-05-06 07:00:00,"Unknown/Unidentified","GPS Ground","Suppression (Wildfire)",27.88739,NA,NA,NA,"00000359",NA,"2000-2009",159660.71875,2345.76763784086,-116.431914590505,32.6556982927574,14.5921875
7361,2004,"CA","CDF CAL FIRE (State)","MMU","FRIANT/PG&E 9","00007880",2004-05-06 07:00:00,2004-05-06 07:00:00,"Equipment Use","Hand-drawn","Suppression (Wildfire)",11.1576,NA,NA,NA,"00000124",NA,"2000-2009",70935.14453125,1274.20272127064,-119.727441294629,37.005424416937,22.601220703125
7152,2004,"CA","CDF CAL FIRE (State)","TUU","FRAZIER","00004886",2004-05-07 07:00:00,NA,"Unknown/Unidentified","Unknown","Suppression (Wildfire)",1563.704,NA,NA,NA,"00000000",NA,"2000-2009",9747854.46484375,17465.3803225037,-118.963114819132,36.2412759469436,17.46669921875
7256,2004,"CA","CDF CAL FIRE (State)","TCU","CREEK","00003329",2004-05-07 07:00:00,2004-05-07 07:00:00,"Debris","GPS Ground","Suppression (Wildfire)",71.23759,NA,NA,NA,"00000319",NA,"2000-2009",462977.46875,3807.39607120838,-120.151045176347,37.8366241696436,16.4603515625
7265,2004,"CA","CDF CAL FIRE (State)","RRU","FISH","00036803",2004-05-07 07:00:00,2004-05-07 07:00:00,"Unknown/Unidentified","Unknown","Suppression (Wildfire)",63.07527,NA,NA,NA,"00000726",NA,"2000-2009",372534.984375,2913.91210870845,-116.663231542552,34.0238370769728,17.871240234375
7316,2004,"CA","CDF CAL FIRE (State)","MMU","DETENTION","00007979",2004-05-07 07:00:00,2004-05-07 07:00:00,"Unknown/Unidentified","Hand-drawn","Suppression (Wildfire)",23.37385,NA,NA,NA,"00000126",NA,"2000-2009",148539.84765625,1770.37958769186,-120.940077548656,36.9897200686911,16.15712890625
7355,2004,"CA","NPS National Park Service","GNP","TAM","00000003",2004-05-09 07:00:00,2004-05-18 07:00:00,"Unknown/Unidentified","GPS Ground","Suppression (Wildfire)",11.79136,NA,NA,NA,"00000003",NA,"2000-2009",76728.3203125,2311.57952094973,-122.550194934684,37.8829247471314,13.2826171875
7283,2004,"CA","CDF CAL FIRE (State)","MMU","400","00008284",2004-05-11 07:00:00,2004-05-11 07:00:00,"Arson","Hand-drawn","Suppression (Wildfire)",44.58846,NA,NA,NA,"00000137",NA,"2000-2009",284492.515625,2215.87257210685,-119.850864307687,37.1425827458756,14.15224609375
7150,2004,"CA","CDF CAL FIRE (State)","RRU","COTTONWOOD","00038418",2004-05-12 07:00:00,2004-05-15 07:00:00,"Smoking","Unknown","Suppression (Wildfire)",1819.376,NA,NA,NA,"00000763",NA,"2000-2009",10737144.8828125,15058.3324178559,-116.681329515103,33.9901140140077,10.743798828125
7275,2004,"CA","CDF CAL FIRE (State)","MMU","I-5","00008500",2004-05-14 07:00:00,2004-05-15 07:00:00,"Vehicle","Hand-drawn","Suppression (Wildfire)",54.28338,NA,NA,NA,"00000143",NA,"2000-2009",344356.30078125,3375.5901352777,-120.833708200958,36.9219158481056,15.98623046875
7375,2004,"CA","CDF CAL FIRE (State)","MVU","ORNALES","00003727",2004-05-14 07:00:00,2004-05-14 07:00:00,"Equipment Use","Unknown","Suppression (Wildfire)",6.278606,NA,NA,NA,"00000384",NA,"2000-2009",36449.0703125,898.485059736476,-116.945571690814,33.2751462062786,15.858056640625
7366,2004,"CA","CDF CAL FIRE (State)","MMU","PG&E 11","00008533",2004-05-15 07:00:00,2004-05-15 07:00:00,"Equipment Use","Hand-drawn","Suppression (Wildfire)",9.66333,NA,NA,NA,"00000145",NA,"2000-2009",61609.51953125,981.559287008152,-119.692685595212,37.1138174660225,16.0130859375
7376,2004,"CA","CDF CAL FIRE (State)","MMU","HWY 145","00008540",2004-05-15 07:00:00,2004-05-15 07:00:00,"Unknown/Unidentified","Hand-drawn","Suppression (Wildfire)",5.922452,NA,NA,NA,"00000144",NA,"2000-2009",37677.00390625,816.083880744204,-119.706987151419,37.0304850069995,17.080712890625
7380,2004,"CA","USF U.S. Forest Service","BDF","CARY","00000000",2004-05-15 07:00:00,2004-05-15 07:00:00,"Miscellaneous","Hand-drawn","Suppression (Wildfire)",4.793622,NA,NA,NA,"00000026",NA,"2000-2009",28014.08984375,688.29492020401,-116.732228742555,33.5667296348532,14.831689453125
7245,2004,"CA","CDF CAL FIRE (State)","SLU","PILITAS","00003553",2004-05-20 07:00:00,2004-05-20 07:00:00,"Vehicle","Hand-drawn","Suppression (Wildfire)",85.45794,NA,NA,NA,"00000148",NA,"2000-2009",521177.87109375,3996.63266429048,-120.542460695617,35.3628255973535,11.799462890625
7271,2004,"CA","BLM Bureau of Land Management","BBD","SIERRA","00000000",2004-05-20 07:00:00,2004-05-20 07:00:00,"Equipment Use","Mixed Methods","Suppression (Wildfire)",60.05212,NA,NA,NA,"0000A3M1",NA,"2000-2009",369451.62890625,2803.92862163703,-118.416202437901,35.7164735855616,8.72646484375002
7185,2004,"CA","CDF CAL FIRE (State)","MMU","BASALT","00008972",2004-05-21 07:00:00,2004-05-21 07:00:00,"Vehicle","Hand-drawn","Suppression (Wildfire)",410.184,NA,NA,NA,"00000156",NA,"2000-2009",2611665.46484375,10853.6121599563,-121.033052255871,37.0625671825576,12.81240234375
7269,2004,"CA","CDF CAL FIRE (State)","MMU","OLIVIA","00009035",2004-05-22 07:00:00,2004-05-22 07:00:00,"Equipment Use","Hand-drawn","Suppression (Wildfire)",60.58247,NA,NA,NA,"00000159",NA,"2000-2009",386327.40234375,2400.53513815798,-119.917047578846,37.1215142333007,16.857080078125
7270,2004,"CA","BLM Bureau of Land Management","CDD","SNOW","00000000",2004-05-22 07:00:00,2004-05-23 07:00:00,"Equipment Use","Mixed Methods","Suppression (Wildfire)",60.17913,NA,NA,NA,"0000A3QW",NA,"2000-2009",354309.53125,4196.42599610887,-116.679180178941,33.8882674690592,11.025048828125
7339,2004,"CA","USF U.S. Forest Service","MDF","BEND","00000000",2004-05-23 07:00:00,2004-05-23 07:00:00,"Lightning","GPS Air","Suppression (Wildfire)",15.06398,NA,NA,NA,"00000010",NA,"2000-2009",108943.0390625,1755.74928944146,-121.361608660419,41.5520921624818,8.11831054687502
7343,2004,"CA","USF U.S. Forest Service","TNF","BAKE","00000000",2004-05-23 07:00:00,2004-05-23 07:00:00,"Lightning","Hand-drawn","Suppression (Wildfire)",14.41792,NA,NA,NA,"00000005",NA,"2000-2009",96900.31640625,1182.74128197633,-120.693905679551,39.0573213158781,9.23232421875002
7213,2004,"CA","USF U.S. Forest Service","INF","CRATER MOUNTAIN","00000000",2004-05-25 07:00:00,2004-06-20 07:00:00,"Lightning","GPS Air","Suppression (Wildfire)",189.8896,NA,NA,NA,"00000005",NA,"2000-2009",1235259.60546875,6899.42557045448,-119.019522251815,37.8714074902432,5.33657226562502
7273,2004,"CA","CDF CAL FIRE (State)","SHU","DITCH","00003610",2004-05-25 07:00:00,2004-05-25 07:00:00,"Equipment Use","Mixed Methods","Suppression (Wildfire)",54.61713,NA,NA,NA,"00000135",NA,"2000-2009",381358.81640625,4160.77170285184,-122.74565172165,40.3843264044864,14.9251953125
7391,2004,"CA","CDF CAL FIRE (State)","MVU","PAUMA","00004086",2004-05-25 07:00:00,2004-05-25 07:00:00,"Unknown/Unidentified","Unknown","Suppression (Wildfire)",0.7474008,NA,NA,NA,"00000419",NA,"2000-2009",4345.30859375,287.840850020037,-116.961723512298,33.3404361574694,10.79580078125
7259,2004,"CA","CDF CAL FIRE (State)","TCU","DOUBLE","00003953",2004-05-29 07:00:00,2004-05-29 07:00:00,"Arson","GPS Ground","Suppression (Wildfire)",68.81973,NA,NA,NA,"00000394",NA,"2000-2009",451846.5859375,2937.78972060162,-120.766990455557,38.2132111898161,12.713037109375
7279,2004,"CA","CDF CAL FIRE (State)","TCU","CLARK","00003951",2004-05-29 07:00:00,2004-05-29 07:00:00,"Powerline","Hand-drawn","Suppression (Wildfire)",49.80434,NA,NA,NA,"00000393",NA,"2000-2009",324610.1875,2542.21065462736,-120.995763052552,37.9429894073254,13.4935546875
7389,2004,"CA","CDF CAL FIRE (State)","SHU","VANTAGE","00003731",2004-05-29 07:00:00,2004-05-29 07:00:00,"Arson","Mixed Methods","Suppression (Wildfire)",1.855538,NA,NA,NA,"00000147",NA,"2000-2009",12966.6171875,499.014679979557,-122.273205369367,40.4118445139617,14.2484375
7263,2004,"CA","CCO Contract County","SBC","HWY166","00003897",2004-05-30 07:00:00,2004-05-30 07:00:00,"Vehicle","Hand-drawn","Suppression (Wildfire)",65.16033,NA,NA,NA,"00003897",NA,"2000-2009",392899.6328125,2540.65685305253,-119.501394859073,34.8959122408889,13.841455078125
7266,2004,"CA","CDF CAL FIRE (State)","MMU","LOS CERRITOS","00009638",2004-05-30 07:00:00,2004-05-30 07:00:00,"Vehicle","Hand-drawn","Suppression (Wildfire)",63.02847,NA,NA,NA,"00000173",NA,"2000-2009",406604.359375,2664.48367468963,-120.502798375986,37.5598456678888,17.51552734375
7378,2004,"CA","NPS National Park Service","KNP","DORST","00000000",2004-05-30 07:00:00,2004-06-01 07:00:00,"Lightning","GPS Ground","Suppression (Wildfire)",5.234492,NA,NA,NA,"00000013",NA,"2000-2009",32980.1640625,961.427833046161,-118.778966285132,36.6578532445994,7.77675781250002
7184,2004,"CA","CDF CAL FIRE (State)","NEU","BEALE","00009119",2004-06-03 07:00:00,2004-06-03 07:00:00,"Powerline","GPS Ground","Suppression (Wildfire)",433.5482,NA,NA,NA,"00000282",NA,"2000-2009",2921400.3671875,13759.1566271165,-121.341024303126,39.1498692550803,22.667138671875
7134,2004,"CA","CCO Contract County","SBC","GAVIOTA","00004032",2004-06-05 07:00:00,2004-06-12 07:00:00,"Lightning","Hand-drawn","Suppression (Wildfire)",7197.67,NA,NA,NA,"00004032",NA,"2000-2009",42975152.2773438,38604.1401781102,-120.184601913085,34.4850311887744,15.676416015625
7342,2004,"CA","USF U.S. Forest Service","CNF","MORENA","00000000",2004-06-05 07:00:00,2004-06-05 07:00:00,"Equipment Use","GPS Air","Suppression (Wildfire)",14.48212,NA,NA,NA,"00000026",NA,"2000-2009",82932.78515625,1298.4072435566,-116.5034416337,32.6665024164078,17.68251953125
7371,2004,"CA","CDF CAL FIRE (State)","MVU","LAKE MORENA","00004454",2004-06-05 07:00:00,2004-06-05 07:00:00,"Unknown/Unidentified","Unknown","Suppression (Wildfire)",8.351069,NA,NA,NA,"00000456",NA,"2000-2009",47810.01171875,1041.5221262004,-116.494551579282,32.6542990959424,17.746484375
7276,2004,"CA","CCO Contract County","ORC","IRVINE","04034180",2004-06-06 07:00:00,2004-06-09 07:00:00,"Arson","Unknown","Suppression (Wildfire)",52.98566,NA,NA,NA,"04034180",NA,"2000-2009",311379.828125,4221.78424033213,-117.762398136227,33.8083805799485,18.431787109375
7293,2004,"CA","CDF CAL FIRE (State)","SHU","GAS POINT #1","00004106",2004-06-11 07:00:00,2004-06-11 07:00:00,"Equipment Use","Mixed Methods","Suppression (Wildfire)",35.50055,NA,NA,NA,"00000160",NA,"2000-2009",248613.83984375,2763.71932161031,-122.549575692807,40.4846097755267,17.65908203125
7388,2004,"CA","CDF CAL FIRE (State)","SHU","GAS POINT #3","00004112",2004-06-11 07:00:00,2004-06-11 07:00:00,"Equipment Use","Mixed Methods","Suppression (Wildfire)",2.164307,NA,NA,NA,"00000162",NA,"2000-2009",15151.37890625,607.394945735282,-122.545631084913,40.4723625190326,17.806298828125
7396,2004,"CA","CDF CAL FIRE (State)","SHU","GAS POINT #2","00004111",2004-06-11 07:00:00,2004-06-11 07:00:00,"Equipment Use","Mixed Methods","Suppression (Wildfire)",0.2295481,NA,NA,NA,"00000161",NA,"2000-2009",1606.9296875,292.723506582438,-122.544730538276,40.4716289046584,17.818017578125
7397,2004,"CA","CDF CAL FIRE (State)","SHU","GAS POINT #4","00004115",2004-06-11 07:00:00,2004-06-11 07:00:00,"Equipment Use","Mixed Methods","Suppression (Wildfire)",0.1199284,NA,NA,NA,"00000164",NA,"2000-2009",839.53125,137.132352729116,-122.544375343791,40.4707061788296,17.837548828125
7251,2004,"CA","CDF CAL FIRE (State)","MMU","JASPER","00010589",2004-06-12 07:00:00,2004-06-12 07:00:00,"Miscellaneous","Hand-drawn","Suppression (Wildfire)",79.15559,NA,NA,NA,"00000194",NA,"2000-2009",502970.703125,3143.64144718178,-121.111616977316,36.9851619896762,13.084130859375
7257,2004,"CA","CDF CAL FIRE (State)","MMU","CREEK","00010644",2004-06-13 07:00:00,2004-06-13 07:00:00,"Arson","Hand-drawn","Suppression (Wildfire)",71.09406,NA,NA,NA,"00000195",NA,"2000-2009",451792.59375,4120.5708316967,-120.921739090727,36.9890971135625,16.533349609375
7303,2004,"CA","CDF CAL FIRE (State)","SHU","PLACER","00004214",2004-06-13 07:00:00,2004-06-13 07:00:00,"Playing with Fire","Mixed Methods","Suppression (Wildfire)",31.8837,NA,NA,NA,"00000171",NA,"2000-2009",223442.015625,2595.07823953679,-122.521476214568,40.5084088717285,21.154443359375
7311,2004,"CA","CDF CAL FIRE (State)","SHU","KESWICK","00004225",2004-06-14 07:00:00,2004-06-14 07:00:00,"Equipment Use","Mixed Methods","Suppression (Wildfire)",26.04814,NA,NA,NA,"00000172",NA,"2000-2009",183137.01953125,1808.6727227854,-122.425412706761,40.6174013215089,21.70107421875
7165,2004,"CA","USF U.S. Forest Service","SQF","CRAG","00000000",2004-06-16 07:00:00,2004-07-02 07:00:00,"Lightning","GPS Air","Suppression (Wildfire)",870.4851,NA,NA,NA,"00000038",NA,"2000-2009",5414527.1015625,10599.7970457151,-118.134663351307,36.1544204363054,18.1517578125
7187,2004,"CA","USF U.S. Forest Service","SNF","SOURCE","00000000",2004-06-16 07:00:00,2004-06-22 07:00:00,"Miscellaneous","Unknown","Suppression (Wildfire)",384.4879,NA,NA,NA,"00000015",NA,"2000-2009",2458436.87109375,7497.8120258287,-119.386302231709,37.2239780622218,18.831201171875
7252,2004,"CA","CDF CAL FIRE (State)","TCU","HIGHWAY 108 #2","00004509",2004-06-16 07:00:00,2004-06-16 07:00:00,"Vehicle","GPS Ground","Suppression (Wildfire)",77.13163,NA,NA,NA,"00000459",NA,"2000-2009",501659.828125,3962.50935721811,-120.505997720446,37.8645447478229,23.686181640625
7319,2004,"CA","CDF CAL FIRE (State)","MVU","BORDER #7","00004784",2004-06-16 07:00:00,2004-06-16 07:00:00,"Illegal Alien Campfire","GPS Ground","Suppression (Wildfire)",21.10738,NA,NA,NA,"00000495",NA,"2000-2009",120716.32421875,1723.6831687345,-116.258869680355,32.6080090775026,19.958154296875
7354,2004,"CA","USF U.S. Forest Service","ANF","HASLEY","00000000",2004-06-16 07:00:00,2004-06-16 07:00:00,"Arson","Unknown","Suppression (Wildfire)",11.88105,NA,NA,NA,"00000062",NA,"2000-2009",70889.578125,1068.39388737331,-118.660344399635,34.456117342892,17.720849609375
7193,2004,"CA","USF U.S. Forest Service","ENF","MOKE","00000000",2004-06-17 07:00:00,2004-06-22 07:00:00,"Campfire","GPS Air","Suppression (Wildfire)",354.3122,NA,NA,NA,"00000002",NA,"2000-2009",2345269.93359375,9296.76813521301,-120.101845664788,38.5098107868918,12.285791015625
7176,2004,"CA","CCO Contract County","KRN","WEST","04-33440",2004-06-18 07:00:00,2004-06-19 07:00:00,"Arson","Unknown","Suppression (Wildfire)",566.6521,NA,NA,NA,"00033440",NA,"2000-2009",3430292.02734375,11804.0949130948,-118.347727488761,35.0592227194888,19.446923828125
7241,2004,"CA","CDF CAL FIRE (State)","MMU","RD 400","00011073",2004-06-19 07:00:00,2004-06-19 07:00:00,"Equipment Use","Hand-drawn","Suppression (Wildfire)",90.17339,NA,NA,NA,"00000206",NA,"2000-2009",575519.72265625,3051.93098355592,-119.842480005165,37.1542996918246,22.59462890625
7300,2004,"CA","CCO Contract County","ORC","ORTEGA","04037042",2004-06-20 07:00:00,2004-06-23 07:00:00,"Vehicle","Unknown","Suppression (Wildfire)",34.12667,NA,NA,NA,"04037042",NA,"2000-2009",199340.94140625,2406.71767657665,-117.555895983416,33.545627178964,16.150537109375
7291,2004,"CA","CDF CAL FIRE (State)","SHU","CREEK","00004468",2004-06-21 07:00:00,2004-06-21 07:00:00,"Miscellaneous","Mixed Methods","Suppression (Wildfire)",38.09119,NA,NA,NA,"00000200",NA,"2000-2009",266740.31640625,2345.67923869047,-122.553083589705,40.4825888718128,25.744287109375
7189,2004,"CA","BLM Bureau of Land Management","NOD","SKEDADDLE","00000000",2004-06-22 07:00:00,2004-06-25 07:00:00,"Lightning","Mixed Methods","Suppression (Wildfire)",367.4536,NA,NA,NA,"0000A5G6",NA,"2000-2009",2567445.41015625,10660.166970151,-120.170351115199,40.4072762091133,21.801904296875
7228,2004,"CA","CDF CAL FIRE (State)","SKU","EDGEWOOD","00002427",2004-06-23 07:00:00,2004-06-23 07:00:00,"Debris","Hand-drawn","Suppression (Wildfire)",120.1702,NA,NA,NA,"00000138",NA,"2000-2009",866306.046875,5154.18139241693,-122.441595722076,41.4480278277868,17.280419921875
7305,2004,"CA","USF U.S. Forest Service","INF","DECHAMBEAU","00000000",2004-06-23 07:00:00,2004-06-26 07:00:00,"Lightning","GPS Air","Suppression (Wildfire)",27.4703,NA,NA,NA,"00000009",NA,"2000-2009",179558.65625,2207.16525940046,-119.0854811572,38.0492575636664,13.70986328125
7248,2004,"CA","CDF CAL FIRE (State)","SKU","JUNIPER","00002452",2004-06-24 07:00:00,2004-06-28 07:00:00,"Debris","GPS Ground","Suppression (Wildfire)",82.37961,NA,NA,NA,"00000141",NA,"2000-2009",596843.8203125,5235.05680081845,-122.392492242679,41.6105979671914,19.19423828125
7390,2004,"CA","DOD Department of Defense","AFV","FIREFIGHTER","00001131",2004-06-24 07:00:00,2004-06-24 07:00:00,"Equipment Use","GPS Ground","Suppression (Wildfire)",1.032974,NA,NA,NA,"00001131",NA,"2000-2009",6209.4296875,363.293723972914,-120.503069231867,34.7681117674745,13.3841796875
7143,2004,"CA","BLM Bureau of Land Management","BBD","DANA","00000707",2004-06-25 07:00:00,2004-07-01 07:00:00,"Lightning","Mixed Methods","Suppression (Wildfire)",3161.477,NA,"COLE COMPLEX",NA,"0000A51G","A5T0","2000-2009",20976931.3515625,27955.9075879339,-119.54641078994,38.5969846421182,11.802880859375
7170,2004,"CA","CDF CAL FIRE (State)","SCU","HIGHWAY","00003485",2004-06-25 07:00:00,2004-06-28 07:00:00,"Equipment Use","GPS Ground","Suppression (Wildfire)",624.9357,NA,NA,NA,"00000181",NA,"2000-2009",4080266.57421875,10317.7789138589,-122.145447800338,38.0075996917026,15.45107421875
7188,2004,"CA","USF U.S. Forest Service","ANF","INTERSTATE","00000000",2004-06-25 07:00:00,2004-06-26 07:00:00,"Equipment Use","Unknown","Suppression (Wildfire)",374.0269,NA,NA,NA,"00000066",NA,"2000-2009",2240258.25390625,6295.85827697267,-118.720488436574,34.61743202002,20.074365234375
7310,2004,"CA","BLM Bureau of Land Management","NOD","TGU BEND","00000000",2004-06-25 07:00:00,2004-06-25 07:00:00,"Miscellaneous","Mixed Methods","Suppression (Wildfire)",26.29048,NA,NA,NA,"0000A5UY",NA,"2000-2009",183009.39453125,1830.87319616468,-122.170004333521,40.280181481223,24.410546875
7299,2004,"CA","CDF CAL FIRE (State)","MMU","BEN HUR","00011576",2004-06-26 07:00:00,2004-06-26 07:00:00,"Structure Fire","GPS Ground","Suppression (Wildfire)",34.14139,NA,NA,NA,"00000213",NA,"2000-2009",218476,2771.84743491732,-119.955446530406,37.254274509387,22.791650390625
7308,2004,"CA","NPS National Park Service","YNP","SMOKEY WFU","00001891",2004-06-27 07:00:00,2004-08-08 07:00:00,"Lightning","GPS Ground","Resource Benefit (Wildland Fire Use)",26.8156,NA,NA,NA,"00001891",NA,"2000-2009",174273.69921875,2460.88062007947,-119.699349418841,37.8360857328438,11.45888671875
7321,2004,"CA","USF U.S. Forest Service","BDF","CRANSTON","00000000",2004-06-27 07:00:00,2004-06-27 07:00:00,"Miscellaneous","Hand-drawn","Suppression (Wildfire)",20.48602,NA,NA,NA,"00000046",NA,"2000-2009",120192.06640625,1369.58005259809,-116.844704567098,33.7372960591322,18.37587890625
7340,2004,"CA","USF U.S. Forest Service","MDF","HANGING","00000000",2004-06-27 07:00:00,2004-06-30 07:00:00,"Lightning","GPS Air","Suppression (Wildfire)",14.97853,NA,NA,NA,"00000025",NA,"2000-2009",107790.6796875,1470.53763173281,-121.0285564296,41.3905639381112,18.2396484375
7392,2004,"CA","NPS National Park Service","KNP","HOSPITAL","00000000",2004-06-27 07:00:00,2004-06-27 07:00:00,"Vehicle","GPS Ground","Suppression (Wildfire)",0.7321771,NA,NA,NA,"00000031",NA,"2000-2009",4598.46875,400.795902160363,-118.771997321091,36.5340152600317,12.29287109375
7141,2004,"CA","NPS National Park Service","LNP","BLUFF",NA,2004-06-28 07:00:00,2004-10-20 07:00:00,"Lightning","Mixed Methods","Resource Benefit (Wildland Fire Use)",3414.027,NA,NA,NA,"04-10",NA,"2000-2009",23924770.203125,28965.2466643207,-121.339110523439,40.5072213864797,14.492578125
7284,2004,"CA","CDF CAL FIRE (State)","MMU","ROCK/MPUD 98","00011674",2004-06-28 07:00:00,2004-06-28 07:00:00,"Arson","Hand-drawn","Suppression (Wildfire)",43.74898,NA,NA,NA,"00000215",NA,"2000-2009",281078.54296875,2176.00572755803,-120.020949627169,37.4058177941581,23.48232421875
7367,2004,"CA","BLM Bureau of Land Management","NOD","SUNFLOWER FLAT","00000000",2004-06-28 07:00:00,2004-06-28 07:00:00,"Unknown/Unidentified","Mixed Methods","Suppression (Wildfire)",9.577882,NA,NA,NA,"0000A6DS",NA,"2000-2009",67933.21484375,2020.26439490742,-121.172495986512,40.9114238206921,16.061669921875
7220,2004,"CA","USF U.S. Forest Service","MDF","MAMMOTH","00000000",2004-06-29 07:00:00,NA,"Lightning","GPS Air","Suppression (Wildfire)",146.6831,NA,NA,NA,"00000367",NA,"2000-2009",1067149.10546875,4522.17304120186,-121.347210996453,41.7452842681717,17.988671875
7267,2004,"CA","USF U.S. Forest Service","SHF","PRICE","00000000",2004-06-29 07:00:00,2004-07-01 07:00:00,"Lightning","Unknown","Suppression (Wildfire)",63.00127,NA,NA,NA,"00000063",NA,"2000-2009",444284.34765625,2569.75497255631,-123.262030274571,40.7189442447423,19.291650390625
7136,2004,"CA","NPS National Park Service","YNP","MEADOW WFU","00001962",2004-06-30 07:00:00,2004-07-30 07:00:00,"Lightning","Mixed Methods","Resource Benefit (Wildland Fire Use)",5031.157,NA,NA,NA,"00001962",NA,"2000-2009",32556446.59375,39567.1071745657,-119.548622346474,37.6750044616248,10.283837890625
7195,2004,"CA","CDF CAL FIRE (State)","BEU","CHUALAR","00002411",2004-06-30 07:00:00,2004-06-30 07:00:00,"Powerline","GPS Air","Suppression (Wildfire)",343.1886,NA,NA,NA,"00000257",NA,"2000-2009",2158900.01953125,8810.30521128274,-121.397448548058,36.5971213213961,14.622705078125
7174,2004,"CA","CDF CAL FIRE (State)","MVU","WARNER","00005269",2004-07-01 07:00:00,2004-07-01 07:00:00,"Equipment Use","Unknown","Suppression (Wildfire)",569.9861,NA,NA,NA,"00000547",NA,"2000-2009",3316907.08984375,8340.54350676262,-117.09364403304,33.3810551440471,14.725
7268,2004,"CA","CDF CAL FIRE (State)","TCU","HIGHWAY","00005048",2004-07-02 07:00:00,2004-07-02 07:00:00,"Debris","GPS Ground","Suppression (Wildfire)",62.75925,NA,NA,NA,"00000510",NA,"2000-2009",411612.7578125,4292.169989469,-120.937112779651,38.1737439310425,19.121240234375
7327,2004,"CA","CDF CAL FIRE (State)","BEU","RIVER RD","00002441",2004-07-03 07:00:00,2004-07-03 07:00:00,"Vehicle","GPS Ground","Suppression (Wildfire)",18.11634,NA,NA,NA,"00000262",NA,"2000-2009",113921.3515625,2550.26745045124,-121.600395196262,36.5823196813754,12.87099609375
7322,2004,"CA","CDF CAL FIRE (State)","NEU","PEORIA","00011362",2004-07-05 07:00:00,2004-07-05 07:00:00,"Vehicle","GPS Ground","Suppression (Wildfire)",20.35824,NA,NA,NA,"00000425",NA,"2000-2009",137593.046875,1617.52353968874,-121.341166440615,39.2560709291543,23.45791015625
7333,2004,"CA","USF U.S. Forest Service","CNF","SHEEPHEAD","00000000",2004-07-06 07:00:00,2004-07-06 07:00:00,"Miscellaneous","GPS Air","Suppression (Wildfire)",16.30308,NA,NA,NA,"00000037",NA,"2000-2009",93579.01171875,1656.8602536199,-116.493754768783,32.771655378449,16.8060546875
7231,2004,"CA","BLM Bureau of Land Management","NOD","LMU DIXIE","00000000",2004-07-07 07:00:00,2004-07-09 07:00:00,"Lightning","Mixed Methods","Suppression (Wildfire)",118.6239,NA,NA,NA,"0000A7BT",NA,"2000-2009",841059.7265625,7567.63967293565,-121.114948609002,40.899302721872,21.949365234375
7387,2004,"CA","NPS National Park Service","KNP","FERGUSON","00000000",2004-07-07 07:00:00,2004-09-18 07:00:00,"Lightning","GPS Ground","Resource Benefit (Wildland Fire Use)",2.227161,NA,NA,NA,"00000043",NA,"2000-2009",14058.078125,636.403149113364,-118.627816963431,36.7289795647065,12.89150390625
7332,2004,"CA","CDF CAL FIRE (State)","MMU","JASPER 2","00012506",2004-07-08 07:00:00,2004-07-08 07:00:00,"Equipment Use","Hand-drawn","Suppression (Wildfire)",16.71579,NA,NA,NA,"00000236",NA,"2000-2009",106226.2265625,1436.0536099038,-121.1112021408,36.989008488708,16.5462890625
7357,2004,"CA","CDF CAL FIRE (State)","SHU","WILD","00005169",2004-07-08 07:00:00,2004-07-08 07:00:00,"Smoking","Mixed Methods","Suppression (Wildfire)",11.523,NA,NA,NA,"00000292",NA,"2000-2009",80616.4609375,1249.29340311301,-122.073994830444,40.4509306931898,24.770166015625
7365,2004,"CA","BLM Bureau of Land Management","BBD","SCHILLING","00000000",2004-07-08 07:00:00,2004-07-08 07:00:00,"Equipment Use","Mixed Methods","Suppression (Wildfire)",10.14339,NA,NA,NA,"0000A7GN",NA,"2000-2009",65614.76953125,1007.24843249501,-120.144122643964,37.6619712429094,22.539453125
7294,2004,"CA","CDF CAL FIRE (State)","NEU","FLORISTON","00011674",2004-07-09 07:00:00,2004-07-10 07:00:00,"Unknown/Unidentified","Hand-drawn","Suppression (Wildfire)",35.36984,NA,NA,NA,"00000442",NA,"2000-2009",239969.44921875,2423.99491657325,-120.029121311325,39.3913605194406,13.3216796875
7164,2004,"CA","CDF CAL FIRE (State)","SCU","CORRAL_HOLLOW","00003829",2004-07-10 07:00:00,2004-07-10 07:00:00,"Powerline","GPS Ground","Suppression (Wildfire)",875.4987,NA,NA,NA,"00000225",NA,"2000-2009",5664020.30078125,10860.3699289993,-121.47562130059,37.6664100019106,16.224755859375
7353,2004,"CA","CDF CAL FIRE (State)","TCU","MODESTO IRG DISTRICT","00005443",2004-07-10 07:00:00,2004-07-10 07:00:00,"Powerline","GPS Ground","Suppression (Wildfire)",12.00241,NA,NA,NA,"00000544",NA,"2000-2009",77758.15625,1169.74908486705,-120.65830757453,37.7187562636919,19.95595703125
7138,2004,"CA","CDF CAL FIRE (State)","RRU","VERBENIA","00055439",2004-07-11 07:00:00,2004-07-16 07:00:00,"Unknown/Unidentified",NA,"Suppression (Wildfire)",3831.371,NA,NA,NA,"00001164",NA,"2000-2009",22551929.5664062,23281.5152887739,-116.705276757202,33.8776198311937,21.5111328125
7158,2004,"CA","CDF CAL FIRE (State)","FKU","GATOS","00008513",2004-07-11 07:00:00,2004-07-13 07:00:00,"Powerline","Hand-drawn","Suppression (Wildfire)",1144.838,NA,NA,NA,"00000118",NA,"2000-2009",7136634.76171875,11201.1993266507,-120.576113741805,36.2408420162968,21.848779296875
7249,2004,"CA","CDF CAL FIRE (State)","TCU","RANKIN","00005469",2004-07-11 07:00:00,2004-07-11 07:00:00,"Equipment Use","GPS Ground","Suppression (Wildfire)",80.92747,NA,NA,NA,"00000545",NA,"2000-2009",525425.87890625,3200.81909523631,-120.422629313908,37.7993233794095,20.272119140625
7296,2004,"CA","BLM Bureau of Land Management","BBD","GOLD","00000000",2004-07-11 07:00:00,2004-07-11 07:00:00,"Equipment Use","Mixed Methods","Suppression (Wildfire)",34.93005,NA,NA,NA,"0000A7NB",NA,"2000-2009",231517.6953125,1876.84728180065,-120.843481768722,38.5580277931091,19.526025390625
7125,2004,"CA","CCO Contract County","LAC","PINE","00142168",2004-07-12 07:00:00,2004-07-23 07:00:00,"Miscellaneous","Hand-drawn","Suppression (Wildfire)",16271.65,NA,NA,NA,"00142168",NA,"2000-2009",97749222.6523438,111607.95097265,-118.606808683444,34.7412016820218,22.469140625
7260,2004,"CA","CDF CAL FIRE (State)","SNF","PETERSON","00008548",2004-07-12 07:00:00,NA,"Unknown/Unidentified","Unknown","Suppression (Wildfire)",67.6339,NA,NA,NA,"00008548",NA,"2000-2009",430422.703125,2925.30808987739,-119.338144363474,37.0442451619747,18.768212890625
7132,2004,"CA","CDF CAL FIRE (State)","MVU","MATAGUAY","00005659",2004-07-13 07:00:00,2004-07-15 07:00:00,"Arson","Photo Interpretation","Suppression (Wildfire)",8762.283,NA,NA,NA,"00000588",NA,"2000-2009",50803804.0703125,39170.4635149437,-116.648289595281,33.2198715281013,21.811669921875
7191,2004,"CA","CDF CAL FIRE (State)","RRU","LAKEVIEW","00056039",2004-07-13 07:00:00,2004-07-13 07:00:00,"Unknown/Unidentified","Unknown","Suppression (Wildfire)",360.9065,NA,NA,NA,"00001180",NA,"2000-2009",2112611.69921875,7287.82881162897,-117.247367241102,33.6380946431644,22.3314453125
7181,2004,"CA","CCO Contract County","KRN","ROCKY","04-36647",2004-07-14 07:00:00,2004-07-15 07:00:00,"Vehicle","Unknown","Suppression (Wildfire)",466.6801,NA,NA,NA,"00036647",NA,"2000-2009",2827182.32421875,16339.7057694207,-118.31633620085,35.0895585901719,22.08876953125
7207,2004,"CA","CDF CAL FIRE (State)","TCU","ROSASCO","00005576",2004-07-14 07:00:00,2004-07-14 07:00:00,"Equipment Use","GPS Ground","Suppression (Wildfire)",244.837,NA,NA,NA,"00000557",NA,"2000-2009",1594900.5,7381.78976914832,-120.46528555804,37.9226425867888,19.827294921875
7179,2004,"CA","LRA Local Responsibility Area","SCU","SILVER","00003929",2004-07-15 07:00:00,2004-07-18 07:00:00,"Arson","GPS Ground","Suppression (Wildfire)",479.2772,NA,NA,NA,"00010520",NA,"2000-2009",3066355.94140625,10136.9306674839,-121.753371254081,37.2466856070038,15.02333984375
7234,2004,"CA","CDF CAL FIRE (State)","TCU","BRIGHT","00005660",2004-07-16 07:00:00,2004-07-16 07:00:00,"Vehicle","GPS Ground","Suppression (Wildfire)",109.6647,NA,NA,NA,"00000566",NA,"2000-2009",712857.859375,5462.92262705552,-120.601291211458,37.8439613720663,21.98330078125
7320,2004,"CA","CDF CAL FIRE (State)","SHU","OAK","00005415",2004-07-16 07:00:00,2004-07-16 07:00:00,"Miscellaneous","Mixed Methods","Suppression (Wildfire)",21.04706,NA,NA,NA,"00000311",NA,"2000-2009",148260.2734375,2043.84736989309,-122.036749590003,40.6819716323543,22.414208984375
7379,2004,"CA","CDF CAL FIRE (State)","TCU","LA GRANGE #1","00005649",2004-07-16 07:00:00,2004-07-16 07:00:00,"Vehicle","GPS Ground","Suppression (Wildfire)",5.08854,NA,NA,NA,"00000564",NA,"2000-2009",32924.39453125,873.316536623672,-120.468584844777,37.6711694361509,23.1634765625
7135,2004,"CA","CCO Contract County","LAC","FOOTHILL","00146068",2004-07-17 07:00:00,2004-07-25 07:00:00,"Arson","Hand-drawn","Suppression (Wildfire)",5969.518,NA,NA,NA,"00146068",NA,"2000-2009",35544462.125,48433.9643936273,-118.470080290226,34.3691586069641,21.339501953125
7139,2004,"CA","CDF CAL FIRE (State)","RRU","MELTON","00000000",2004-07-17 07:00:00,2004-07-20 07:00:00,"Lightning","Mixed Methods","Suppression (Wildfire)",3693.234,NA,NA,NA,"00001221",NA,"2000-2009",21603870.3125,26739.1140069279,-116.882474008207,33.6080300840481,20.73037109375
7246,2004,"CA","CDF CAL FIRE (State)","MMU","WALKER","00013169",2004-07-17 07:00:00,2004-07-18 07:00:00,"Unknown/Unidentified","Hand-drawn","Suppression (Wildfire)",84.26554,NA,NA,NA,"00000248",NA,"2000-2009",538323.75,3484.28389077819,-119.599496607024,37.1904284318529,23.207177734375
7323,2004,"CA","CDF CAL FIRE (State)","SHU","LOCUST","00005437",2004-07-17 07:00:00,2004-07-17 07:00:00,"Arson","Mixed Methods","Suppression (Wildfire)",20.05917,NA,NA,NA,"00000314",NA,"2000-2009",140158.15625,1801.42736633037,-122.272947087557,40.4077809018833,27.5267578125
7242,2004,"CA","CDF CAL FIRE (State)","MVU","BORDER #10","00005830",2004-07-18 07:00:00,2004-07-18 07:00:00,"Illegal Alien Campfire","GPS Ground","Suppression (Wildfire)",88.98218,NA,NA,NA,"00000620",NA,"2000-2009",509753.9609375,4608.66313082755,-116.295293608433,32.6834664158508,22.8490234375
7306,2004,"CA","CDF CAL FIRE (State)","SHU","COLEMAN","00005487",2004-07-18 07:00:00,2004-07-18 07:00:00,"Miscellaneous","Mixed Methods","Suppression (Wildfire)",27.33476,NA,NA,NA,"00000317",NA,"2000-2009",190982.26171875,2394.40269353674,-122.130131568723,40.4056452170957,26.523828125
7153,2004,"CA","FWS U.S. Fish & Wildlife Service","SJR","PELICAN",NA,2004-07-19 07:00:00,2004-07-28 07:00:00,"Arson","Other Imagery",NA,1459.002,"A8KU Previous year.  UNIT ID: SJR",NA,NA,"A8KU",NA,"2000-2009",9428547.0078125,18848.8754179658,-121.195753578882,37.6249700282449,23.48427734375
7196,2004,"CA","CCO Contract County","SBC","JALAMA","00005251",2004-07-19 07:00:00,2004-07-19 07:00:00,"Miscellaneous","Hand-drawn","Suppression (Wildfire)",333.0409,NA,NA,NA,"00005251",NA,"2000-2009",1989686.23046875,9504.72522751665,-120.49076019905,34.5103380458599,16.82509765625
7290,2004,"CA","CDF CAL FIRE (State)","LNU","SIEBER","00005152",2004-07-19 07:00:00,2004-07-20 07:00:00,"Arson","Hand-drawn","Suppression (Wildfire)",38.7828,NA,NA,NA,"00000405",NA,"2000-2009",255936.3671875,2126.25438738478,-122.038095346206,38.3997201431127,21.894189453125
7128,2004,"CA","USF U.S. Forest Service","ANF","CROWN","00000000",2004-07-21 07:00:00,2004-07-25 07:00:00,"Equipment Use","Unknown","Suppression (Wildfire)",11754.27,NA,NA,NA,"00000092",NA,"2000-2009",70129064.5078125,70154.7386715553,-118.113224621191,34.4536974110041,22.34169921875
7288,2004,"CA","USF U.S. Forest Service","BDF","MARTIN","00000000",2004-07-21 07:00:00,2004-07-23 07:00:00,"Miscellaneous","Hand-drawn","Suppression (Wildfire)",39.19806,NA,NA,NA,"00000068",NA,"2000-2009",229391.671875,2011.90554113936,-116.930549698447,33.6268934785037,22.1048828125
7359,2004,"CA","USF U.S. Forest Service","MDF","HILL","00000000",2004-07-21 07:00:00,NA,"Debris","GPS Air","Suppression (Wildfire)",11.25552,NA,NA,NA,"00000479",NA,"2000-2009",82504.83984375,1264.75403629918,-121.560365689176,41.9876736294441,17.992822265625
7142,2004,"CA","CDF CAL FIRE (State)","LMU","STRAYLOR","00002537",2004-07-22 07:00:00,2004-07-29 07:00:00,"Arson","Unknown","Suppression (Wildfire)",3292.83,NA,NA,NA,"00002537",NA,"2000-2009",23295358.7460938,38750.6124466945,-121.077581024575,40.8259663003562,18.61611328125
7168,2004,"CA","BLM Bureau of Land Management","BBD","CAMP","04-37555",2004-07-22 07:00:00,2004-07-23 07:00:00,"Railroad","Unknown","Suppression (Wildfire)",691.6987,NA,NA,NA,"00037555",NA,"2000-2009",4253351.75,12939.8882990305,-118.410018358494,35.6965722352254,20.7513671875
7169,2004,"CA","CDF CAL FIRE (State)","RRU","CITRUS","00058691",2004-07-22 07:00:00,2004-07-29 07:00:00,"Unknown/Unidentified","Unknown","Suppression (Wildfire)",682.6089,NA,NA,NA,"00001269",NA,"2000-2009",4002187.3515625,13337.7436251202,-116.893093472986,33.7080953448173,21.206201171875
7369,2004,"CA","CDF CAL FIRE (State)","TCU","DIESTEL","00005891",2004-07-22 07:00:00,2004-07-22 07:00:00,"Equipment Use","GPS Ground","Suppression (Wildfire)",8.739549,NA,NA,NA,"00000602",NA,"2000-2009",57091.109375,1519.58046417034,-120.332508757835,38.0268508547531,21.102197265625
7286,2004,"CA","CDF CAL FIRE (State)","MMU","132","00013636",2004-07-23 07:00:00,2004-07-23 07:00:00,"Arson","Hand-drawn","Suppression (Wildfire)",42.74137,NA,NA,NA,"00000258",NA,"2000-2009",276807.51953125,2427.84456491133,-120.244243307297,37.706035653317,23.379052734375
7147,2004,"CA","CDF CAL FIRE (State)","SKU","IRONGATE","00003140",2004-07-24 07:00:00,2004-07-28 07:00:00,"Lightning","GPS Air","Suppression (Wildfire)",2241.977,NA,NA,NA,"00000272",NA,"2000-2009",16415040.7851562,23331.800868445,-122.455527755416,41.9505084401598,21.9330078125
7172,2004,"CA","CDF CAL FIRE (State)","SKU","LIGHT #37","00003136",2004-07-24 07:00:00,2004-07-25 07:00:00,"Lightning","Hand-drawn","Suppression (Wildfire)",591.6899,NA,NA,NA,"00000270",NA,"2000-2009",4317597.8828125,9483.81804760421,-122.391088279601,41.8421502775316,23.738427734375
7335,2004,"CA","USF U.S. Forest Service","CNF","GREEN","00000000",2004-07-24 07:00:00,2004-07-24 07:00:00,"Equipment Use","Hand-drawn","Suppression (Wildfire)",16.06479,NA,NA,NA,"00000054",NA,"2000-2009",94541.46875,1420.71548057885,-117.684402379829,33.8694776696592,19.53896484375
7341,2004,"CA","USF U.S. Forest Service","MDF","BSFMU10","00000000",2004-07-25 07:00:00,2004-08-07 07:00:00,"Lightning","GPS Air","Suppression (Wildfire)",14.61055,NA,NA,NA,"00000504",NA,"2000-2009",106488.91015625,2060.7453206162,-120.635782561526,41.8042614084455,22.574365234375
7383,2004,"CA","CDF CAL FIRE (State)","SHU","LOCUST","00005424",2004-07-25 07:00:00,2004-07-25 07:00:00,"Arson","Mixed Methods","Suppression (Wildfire)",3.773415,NA,NA,NA,"00000331",NA,"2000-2009",26363.31640625,625.036002400033,-122.273602038335,40.4047054613835,28.933740234375
7137,2004,"CA","USF U.S. Forest Service","SRF","SIMS","00000000",2004-07-27 07:00:00,2004-08-15 07:00:00,"Equipment Use","GPS Air","Suppression (Wildfire)",4035.917,NA,NA,NA,"00000039",NA,"2000-2009",28447570.0390625,30815.3960398893,-123.545410862064,40.7028085276393,18.44912109375
7215,2004,"CA","CDF CAL FIRE (State)","SKU","DUMP","00003226",2004-07-27 07:00:00,2004-07-29 07:00:00,"Miscellaneous","Hand-drawn","Suppression (Wildfire)",181.5451,NA,NA,NA,"00000316",NA,"2000-2009",1318624.87890625,5284.26679337209,-122.43927496212,41.6924676604341,21.869287109375
7351,2004,"CA","BLM Bureau of Land Management","BBD","PIUTE","00000000",2004-07-27 07:00:00,2004-07-27 07:00:00,"Unknown/Unidentified","Mixed Methods","Suppression (Wildfire)",12.31225,NA,NA,NA,"0000A9E4",NA,"2000-2009",75265.7421875,1234.55818385166,-118.527571280481,35.4589154851285,24.650048828125
7302,2004,"CA","CDF CAL FIRE (State)","NEU","BUTCHER","00013000",2004-07-28 07:00:00,2004-07-28 07:00:00,"Unknown/Unidentified","Mixed Methods","Suppression (Wildfire)",31.90529,NA,NA,NA,"00000524",NA,"2000-2009",213866.59765625,2321.0382811185,-120.946131179402,38.9635458861866,21.36953125
7331,2004,"CA","CDF CAL FIRE (State)","MMU","ROMERO","00009595",2004-07-28 07:00:00,2004-07-28 07:00:00,"Unknown/Unidentified","Hand-drawn","Suppression (Wildfire)",16.95196,NA,NA,NA,"00000270",NA,"2000-2009",108003.08203125,1527.25174533244,-121.10677303854,37.0870161375757,20.1673828125
7358,2004,"CA","USF U.S. Forest Service","PNF","KETTLE","00000000",2004-07-28 07:00:00,2004-07-28 07:00:00,"Equipment Use","Hand-drawn","Suppression (Wildfire)",11.27117,NA,NA,NA,"00000129",NA,"2000-2009",78107.81640625,1227.9084660561,-120.720957908952,40.1267921556712,19.65322265625
7243,2004,"CA","CDF CAL FIRE (State)","SLU","MCMILLAN","00005774",2004-07-30 07:00:00,2004-07-30 07:00:00,"Equipment Use","Hand-drawn","Suppression (Wildfire)",87.68444,NA,NA,NA,"00000301",NA,"2000-2009",539549.52734375,4040.52551358189,-120.414352940297,35.723834660225,17.410546875
7328,2004,"CA","CDF CAL FIRE (State)","TCU","MELONES #1","00006269",2004-08-01 07:00:00,2004-08-01 07:00:00,"Miscellaneous","GPS Ground","Suppression (Wildfire)",18.05131,NA,NA,NA,"00000643",NA,"2000-2009",117723.66796875,1637.34498403845,-120.49377211739,37.9651857319835,18.565087890625
7384,2004,"CA","USF U.S. Forest Service","KNF","CANYON","00000000",2004-08-01 07:00:00,2004-08-05 07:00:00,"Lightning","Hand-drawn","Suppression (Wildfire)",3.219711,NA,NA,NA,"00000096",NA,"2000-2009",23546.484375,590.419518045527,-123.171337784453,41.913398640389,19.816552734375
7337,2004,"CA","USF U.S. Forest Service","KNF","PERKINS","00000000",2004-08-02 07:00:00,2004-08-04 07:00:00,"Lightning","Hand-drawn","Suppression (Wildfire)",15.52825,NA,NA,NA,"00000099",NA,"2000-2009",113008.90625,1338.44093227688,-123.455794296266,41.7560877449935,17.366357421875
7386,2004,"CA","CCO Contract County","ORC","ANTONIO","00046850",2004-08-04 07:00:00,2004-08-04 07:00:00,"Arson","Unknown","Suppression (Wildfire)",2.498186,NA,NA,NA,"00046850",NA,"2000-2009",14604.23828125,786.473431201042,-117.635754874491,33.5809215855438,18.1185546875
7140,2004,"CA","CDF CAL FIRE (State)","TCU","COOPER","00006440",2004-08-06 07:00:00,2004-08-09 07:00:00,"Vehicle","GPS Air","Suppression (Wildfire)",3445.314,NA,NA,NA,"00000662",NA,"2000-2009",22439578.1054688,35270.1524334529,-120.674038497108,37.9166006939596,19.011376953125
7163,2004,"CA","CDF CAL FIRE (State)","TCU","MINERAL","00006431",2004-08-06 07:00:00,2004-08-14 07:00:00,"Arson","GPS Air","Suppression (Wildfire)",879.1735,NA,NA,NA,"00000659","00006528","2000-2009",5768398.19921875,15334.0061988793,-120.423444772293,38.1880931524415,16.62734375
7210,2004,"CA","USF U.S. Forest Service","SHF","FLAT","00000000",2004-08-06 07:00:00,2004-08-06 07:00:00,"Miscellaneous","Unknown","Suppression (Wildfire)",201.547,NA,NA,NA,"00000117",NA,"2000-2009",1422650.3125,5285.97290482247,-123.211553164545,40.7506014152759,13.57900390625
7236,2004,"CA","CDF CAL FIRE (State)","MVU","CAMINO","00006422",2004-08-06 07:00:00,2004-08-07 07:00:00,"Equipment Use","GPS Ground","Suppression (Wildfire)",101.1126,NA,NA,NA,"00000693",NA,"2000-2009",584163.8828125,4198.85812916016,-116.797921186919,33.0618472883251,18.00380859375
7238,2004,"CA","CDF CAL FIRE (State)","MMU","MASONIC","00014583",2004-08-06 07:00:00,2004-08-06 07:00:00,"Arson","Hand-drawn","Suppression (Wildfire)",93.79269,NA,NA,NA,"00000296",NA,"2000-2009",604032.1015625,3312.43132049791,-119.963394680486,37.4953990518122,19.69765625
7244,2004,"CA","CDF CAL FIRE (State)","TCU","ARMSTRONG","00006428",2004-08-06 07:00:00,2004-08-07 07:00:00,"Arson","GPS Air","Suppression (Wildfire)",86.90013,NA,NA,NA,"00000657","00006528","2000-2009",570493.84765625,3673.35741795568,-120.451509733328,38.2092147860299,16.673486328125
7338,2004,"CA","BLM Bureau of Land Management","BBD","COLORADO","00000000",2004-08-06 07:00:00,2004-08-13 07:00:00,"Equipment Use","Mixed Methods","Suppression (Wildfire)",15.42765,NA,NA,NA,"0000BAG9",NA,"2000-2009",99506.1875,1212.49415667899,-119.964625026259,37.5525088291918,19.0287109375
7154,2004,"CA","USF U.S. Forest Service","ANF","EAST","00000000",2004-08-07 07:00:00,2004-08-11 07:00:00,"Equipment Use","Unknown","Suppression (Wildfire)",1336.938,NA,NA,NA,"00000113",NA,"2000-2009",8003584.1875,16153.9663403139,-118.691560143617,34.5960317055147,19.272119140625
7314,2004,"CA","USF U.S. Forest Service","BDF","POD","00000000",2004-08-07 07:00:00,2004-08-08 07:00:00,"Miscellaneous","Hand-drawn","Suppression (Wildfire)",24.05375,NA,NA,NA,"00000081",NA,"2000-2009",140709.05078125,1700.62180327024,-116.919203380773,33.6094808543593,19.594140625
7156,2004,"CA","CDF CAL FIRE (State)","SCU","KINCAID","00004410",2004-08-08 07:00:00,2004-08-15 07:00:00,"Miscellaneous","GPS Ground","Suppression (Wildfire)",1224.859,NA,NA,NA,"00000281",NA,"2000-2009",7872115.2890625,14971.3541941661,-121.665652575335,37.4184843846448,18.728662109375
7162,2004,"CA","CDF CAL FIRE (State)","NEU","STEVENS","00013741",2004-08-08 07:00:00,2004-08-12 07:00:00,"Structure Fire","GPS Air","Suppression (Wildfire)",934.3998,NA,NA,NA,"00000574",NA,"2000-2009",6289990.3671875,14481.7722558334,-120.918253591982,39.1141974341338,18.95009765625
7198,2004,"CA","CDF CAL FIRE (State)","MEU","CREEK","00000000",2004-08-08 07:00:00,2004-08-11 07:00:00,"Arson","Mixed Methods","Suppression (Wildfire)",323.7161,NA,NA,NA,"00000210",NA,"2000-2009",2213730.69921875,7821.59433815505,-123.33424202046,39.6683541761636,17.88515625
7209,2004,"CA","USF U.S. Forest Service","BDF","TRINITY","00000000",2004-08-08 07:00:00,NA,"Miscellaneous","Hand-drawn","Suppression (Wildfire)",211.4379,NA,NA,NA,"00000084",NA,"2000-2009",1236440.38671875,7061.05427317043,-116.751722449187,33.5945504860058,20.833642578125
7151,2004,"CA","USF U.S. Forest Service","STF","EARLY",NA,2004-08-09 07:00:00,2004-10-26 07:00:00,"Miscellaneous","GPS Air","Suppression (Wildfire)",1724.758,"20090305",NA,NA,"00000049",NA,"2000-2009",11224188.4101562,15413.0523995044,-119.94545880638,37.8859207955017,17.55458984375
7222,2004,"CA","CDF CAL FIRE (State)","BEU","LAGUNA","00003141",2004-08-09 07:00:00,2004-08-09 07:00:00,"Debris","Hand-drawn","Suppression (Wildfire)",134.6843,NA,NA,NA,"00000332",NA,"2000-2009",841348.07421875,3699.57617838592,-120.723532376453,36.3232636924811,22.91103515625
7258,2004,"CA","USF U.S. Forest Service","ANF","SPRING","00000000",2004-08-09 07:00:00,2004-08-09 07:00:00,"Equipment Use","Unknown","Suppression (Wildfire)",70.40874,NA,NA,NA,"00000117",NA,"2000-2009",419440.26171875,2901.92321162421,-117.591823311752,34.3896683814661,24.232568359375
7295,2004,"CA","CCO Contract County","ORC","BLACKSTAR","00047946",2004-08-09 07:00:00,2004-08-09 07:00:00,"Arson","Hand-drawn","Suppression (Wildfire)",35.22298,NA,NA,NA,"00047946",NA,"2000-2009",206781.7578125,2074.60166376568,-117.674450502843,33.7639913116706,20.54140625
7178,2004,"CA","CDF CAL FIRE (State)","TCU","HUNT","00006563",2004-08-10 07:00:00,2004-08-12 07:00:00,"Equipment Use","GPS Air","Suppression (Wildfire)",490.2116,NA,NA,NA,"00000671",NA,"2000-2009",3206958.41015625,8277.25962814268,-120.699045711539,38.080409869547,20.5521484375
7345,2004,"CA","USF U.S. Forest Service","ANF","ELIZABETH","00000000",2004-08-10 07:00:00,2004-08-10 07:00:00,"Miscellaneous","Unknown","Suppression (Wildfire)",14.31682,NA,NA,NA,"00000119",NA,"2000-2009",85742.078125,1149.77414064696,-118.270864984873,34.6128256791489,25.08828125
7129,2004,"CA","CDF CAL FIRE (State)","SHU","BEAR","00006278",2004-08-11 07:00:00,2004-09-05 07:00:00,"Equipment Use","Mixed Methods","Suppression (Wildfire)",10441.72,NA,NA,NA,"00000367",NA,"2000-2009",73631029.6875,77943.2283854275,-122.194582923711,40.7171646293811,27.584619140625
7148,2004,"CA","CDF CAL FIRE (State)","BTU","OREGON","00009671",2004-08-11 07:00:00,2004-08-15 07:00:00,"Firefighter Training","GPS Air","Suppression (Wildfire)",1954.706,NA,NA,NA,"00000423",NA,"2000-2009",13339967.53125,18086.5159793665,-121.500415462514,39.5971339837991,22.543359375
7194,2004,"CA","BLM Bureau of Land Management","NOD","CCD BORDER","00000000",2004-08-11 07:00:00,2004-08-15 07:00:00,"Lightning","Mixed Methods","Suppression (Wildfire)",350.5814,NA,NA,NA,"0000BA9S",NA,"2000-2009",2399727.38671875,6534.88620232908,-120.004304524801,39.7014328649913,20.27236328125
7144,2004,"CA","USF U.S. Forest Service","SQF","DEEP","00000000",2004-08-12 07:00:00,2004-08-17 07:00:00,"Miscellaneous","GPS Air","Suppression (Wildfire)",3143.901,NA,NA,NA,"00000052",NA,"2000-2009",19564946.9648438,25777.0544269592,-118.721964920757,36.1735935830781,21.295556640625
7197,2004,"CA","NPS National Park Service","KNP","HOTSPRINGS","00000000",2004-08-12 07:00:00,2004-10-18 07:00:00,"Lightning","GPS Air","Resource Benefit (Wildland Fire Use)",331.7918,NA,NA,NA,"00000077",NA,"2000-2009",2080432.984375,9982.23908052684,-118.389620897669,36.4703308559427,17.447900390625
7208,2004,"CA","CDF CAL FIRE (State)","SCU","SAN_ANTONE","00004477",2004-08-12 07:00:00,2004-08-20 07:00:00,"Equipment Use","GPS Ground","Suppression (Wildfire)",211.6076,NA,NA,NA,"00000290",NA,"2000-2009",1357703.10546875,7332.65307637362,-121.603033393971,37.3547751682673,21.423486328125
7363,2004,"CA","USF U.S. Forest Service","PNF","RED ROCK","00000000",2004-08-12 07:00:00,2004-08-12 07:00:00,"Lightning","Hand-drawn","Suppression (Wildfire)",10.34606,NA,NA,NA,"00000139",NA,"2000-2009",71210.171875,1145.50688316831,-120.046689827916,39.8924962863449,22.04287109375
7374,2004,"CA","NPS National Park Service","KNP","DOG","00000000",2004-08-12 07:00:00,2004-10-18 07:00:00,"Lightning","GPS Air","Resource Benefit (Wildland Fire Use)",7.141037,NA,NA,NA,"00000075",NA,"2000-2009",45357.86328125,1238.86461967643,-118.667243832792,36.9701383837058,17.176416015625
7161,2004,"CA","BLM Bureau of Land Management","NOD","STONEY","00000000",2004-08-13 07:00:00,2004-08-15 07:00:00,"Lightning","Mixed Methods","Suppression (Wildfire)",954.4639,NA,NA,NA,"0000BBQ1",NA,"2000-2009",6699246.375,21735.8929678987,-120.188494807392,40.5605305398938,24.222314453125
7180,2004,"CA","BLM Bureau of Land Management","NOD","SNAKE","00000000",2004-08-13 07:00:00,2004-08-14 07:00:00,"Lightning","Mixed Methods","Suppression (Wildfire)",471.3913,NA,NA,NA,"0000BBQ8",NA,"2000-2009",3371165.46875,12795.6971085924,-120.057226700491,41.1851770905518,20.1859375
7183,2004,"CA","BLM Bureau of Land Management","NOD","BELFAST","00000000",2004-08-13 07:00:00,2004-08-16 07:00:00,"Lightning","Mixed Methods","Suppression (Wildfire)",447.0768,NA,NA,NA,"0000BBT4",NA,"2000-2009",3127525.7421875,11037.5434797209,-120.491101141118,40.4478626115247,20.71474609375
7312,2004,"CA","CDF CAL FIRE (State)","MVU","SCISSORS","00006653",2004-08-13 07:00:00,2004-08-13 07:00:00,"Lightning","Unknown","Suppression (Wildfire)",25.79008,NA,NA,NA,"00000728",NA,"2000-2009",149128.87109375,1835.20714285902,-116.441654678069,33.1006464702744,26.293115234375
7126,2004,"CA","CDF CAL FIRE (State)","SHU","FRENCH","00006398",2004-08-14 07:00:00,2004-08-16 07:00:00,"Unknown/Unidentified","Mixed Methods","Suppression (Wildfire)",12675.35,NA,NA,NA,"00000385",NA,"2000-2009",89364505.2070312,57865.5952416071,-122.658077637598,40.7106798086857,24.778955078125
7221,2004,"CA","CDF CAL FIRE (State)","MMU","GUADELUPE/MPUD 127","00015188",2004-08-14 07:00:00,2004-08-14 07:00:00,"Vehicle","Hand-drawn","Suppression (Wildfire)",141.7793,NA,NA,NA,"00000306",NA,"2000-2009",912399.96875,4620.60837067272,-120.067989154051,37.4677474148983,25.46181640625
7229,2004,"CA","CDF CAL FIRE (State)","SHU","LAKE","00006401",2004-08-14 07:00:00,2004-08-14 07:00:00,"Arson","Mixed Methods","Suppression (Wildfire)",119.4651,NA,NA,NA,"00000388",NA,"2000-2009",841521.4375,6405.65741617911,-122.407435012371,40.6812590779368,28.615625
7253,2004,"CA","CDF CAL FIRE (State)","TCU","MELONES #2","00006716",2004-08-14 07:00:00,2004-08-14 07:00:00,"Unknown/Unidentified","GPS Ground","Suppression (Wildfire)",76.29717,NA,NA,NA,"00000690",NA,"2000-2009",498146.578125,3989.14941013271,-120.481008270664,38.0072194938227,22.02626953125
7281,2004,"CA","USF U.S. Forest Service","BDF","MINTO","00000000",2004-08-14 07:00:00,2004-08-14 07:00:00,"Lightning","Hand-drawn","Suppression (Wildfire)",47.71521,NA,NA,NA,"00000136",NA,"2000-2009",279356.375,1934.07113285228,-116.915834630842,33.6457732074346,21.560205078125
7313,2004,"CA","USF U.S. Forest Service","SHF","HYAMPOM","00000000",2004-08-14 07:00:00,2004-08-16 07:00:00,"Arson","Unknown","Suppression (Wildfire)",24.63834,NA,NA,NA,"00000128",NA,"2000-2009",173227.359375,1616.44748008998,-123.477488779027,40.6178561591585,20.64150390625
7318,2004,"CA","CDF CAL FIRE (State)","MMU","OLD","00015206",2004-08-14 07:00:00,2004-08-14 07:00:00,"Arson","Hand-drawn","Suppression (Wildfire)",21.90606,NA,NA,NA,"00000308",NA,"2000-2009",141090.3046875,1705.37351043322,-119.965368413788,37.4990205072848,24.68984375
7344,2004,"CA","USF U.S. Forest Service","MDF","BUTTE","00000000",2004-08-14 07:00:00,2004-08-15 07:00:00,"Lightning","GPS Air","Suppression (Wildfire)",14.38688,NA,NA,NA,"00000590",NA,"2000-2009",102600.48828125,1483.16707670789,-120.838018124525,41.092661518323,23.511376953125
7317,2004,"CA","BLM Bureau of Land Management","CCD","BORDER 14","00000000",2004-08-16 07:00:00,2004-08-16 07:00:00,"Equipment Use","Mixed Methods","Suppression (Wildfire)",22.16918,NA,NA,NA,"0000BCC9",NA,"2000-2009",126644.03515625,1923.45478618324,-116.872578824117,32.5562559738905,19.22255859375
7382,2004,"CA","CDF CAL FIRE (State)","MVU","BORDER #14","00006748",2004-08-16 07:00:00,2004-08-16 07:00:00,"Illegal Alien Campfire","Unknown","Suppression (Wildfire)",4.000417,NA,NA,NA,"00000736",NA,"2000-2009",22852.60546875,693.293906118664,-116.883141557596,32.5557803004712,19.176416015625
7395,2004,"CA","DOD Department of Defense","AFV","UMBRA","00001325",2004-08-17 07:00:00,2004-08-17 07:00:00,"Unknown/Unidentified","GPS Ground","Suppression (Wildfire)",0.2444814,NA,NA,NA,"00001325",NA,"2000-2009",1470.265625,168.888080335621,-120.575563266044,34.7862524863489,16.59267578125
7200,2004,"CA","CDF CAL FIRE (State)","LNU","MIX","00006125",2004-08-18 07:00:00,2004-08-20 07:00:00,"Arson","GPS Air","Suppression (Wildfire)",296.383,NA,NA,NA,"00000493",NA,"2000-2009",1956697.6640625,6183.14055972809,-122.060803968217,38.4146142976081,21.105615234375
7250,2004,"CA","CDF CAL FIRE (State)","MMU","SPRING/MPUD 133","00015630",2004-08-18 07:00:00,2004-08-18 07:00:00,"Unknown/Unidentified","Hand-drawn","Suppression (Wildfire)",79.87824,NA,NA,NA,"00000314",NA,"2000-2009",513936.4921875,3851.94604740457,-119.912759248928,37.4597845380939,21.27919921875
7255,2004,"CA","CDF CAL FIRE (State)","LNU","VACA","00006124",2004-08-18 07:00:00,2004-08-19 07:00:00,"Vehicle","GPS Air","Suppression (Wildfire)",72.49718,NA,NA,NA,"00000492",NA,"2000-2009",479010.47265625,2984.1844664349,-122.120135506663,38.4442501580317,21.1888671875
7385,2004,"CA","DOD Department of Defense","AFV","TOD","00000138",2004-08-18 07:00:00,2004-08-18 07:00:00,"Unknown/Unidentified","GPS Ground","Suppression (Wildfire)",3.129925,NA,NA,NA,"00001328",NA,"2000-2009",18825.140625,656.733353702267,-120.585962726746,34.7910907890513,15.755517578125
7235,2004,"CA","CDF CAL FIRE (State)","MVU","LOST","00006817",2004-08-19 07:00:00,2004-08-19 07:00:00,"Equipment Use","Hand-drawn","Suppression (Wildfire)",102.6656,NA,NA,NA,"00000740",NA,"2000-2009",596651.7421875,3248.2046853786,-116.630246426892,33.3230669507366,18.68203125
7261,2004,"CA","CDF CAL FIRE (State)","MMU","MARIPOSA/MPUD 137","00016500",2004-08-20 07:00:00,2004-08-20 07:00:00,"Unknown/Unidentified","Hand-drawn","Suppression (Wildfire)",66.35651,NA,NA,NA,"00000318",NA,"2000-2009",427202.8515625,2832.20343351115,-119.958115582019,37.4832028092699,24.37099609375
7346,2004,"CA","CDF CAL FIRE (State)","SKU","LIGHT #82","00003722",2004-08-20 07:00:00,2004-08-23 07:00:00,"Lightning","Hand-drawn","Suppression (Wildfire)",13.95816,NA,NA,NA,"00000360",NA,"2000-2009",100521.0078125,1263.82275811849,-122.906492269776,41.4144322155314,20.544580078125
7348,2004,"CA","CDF CAL FIRE (State)","SHU","GROVER","00006646",2004-08-21 07:00:00,2004-08-21 07:00:00,"Arson","Mixed Methods","Suppression (Wildfire)",12.93166,NA,NA,NA,"00000411",NA,"2000-2009",90366.8046875,1310.39462450493,-122.185259085104,40.4116404462296,25.610986328125
7225,2004,"CA","CCO Contract County","VNC","WENDY INCIDENT","04066772",2004-08-24 07:00:00,2004-08-24 07:00:00,"Vehicle","GPS Air","Suppression (Wildfire)",120.9402,NA,NA,NA,"04066772",NA,"2000-2009",717189.67578125,5060.72095318303,-118.965362215264,34.1963793576581,16.308251953125
7204,2004,"CA","CDF CAL FIRE (State)","LNU","LONG","00006346",2004-08-26 07:00:00,2004-08-28 07:00:00,"Arson","GPS Air","Suppression (Wildfire)",271.4596,NA,NA,NA,"00000514",NA,"2000-2009",1823308.42578125,8152.42635118602,-122.58363140295,39.0353843188965,17.56240234375
7230,2004,"CA","CDF CAL FIRE (State)","NEU","SCOTT","00014955",2004-08-26 07:00:00,2004-08-26 07:00:00,"Equipment Use","GPS Ground","Suppression (Wildfire)",119.2404,NA,NA,NA,"00000644",NA,"2000-2009",806025.5625,5182.59278416856,-121.325156186347,39.2616873411785,21.92470703125
7277,2004,"CA","NPS National Park Service","KNP","MCCLURE","00000000",2004-08-27 07:00:00,2004-10-18 07:00:00,"Lightning","GPS Air","Resource Benefit (Wildland Fire Use)",52.53833,NA,NA,NA,"00000085",NA,"2000-2009",335622.25390625,4433.62088915193,-118.734250860072,37.1887564980948,7.67153320312502
7292,2004,"CA","USF U.S. Forest Service","ANF","PARADISE","00000000",2004-08-28 07:00:00,2004-08-28 07:00:00,"Miscellaneous","Unknown","Suppression (Wildfire)",36.90485,NA,NA,NA,"00000141",NA,"2000-2009",220780.28125,2205.98741004252,-118.684764257927,34.5673989323817,19.159326171875
7298,2004,"CA","CDF CAL FIRE (State)","NEU","ANANDA","00015093",2004-08-28 07:00:00,2004-08-29 07:00:00,"Unknown/Unidentified","GPS Ground","Suppression (Wildfire)",34.47136,NA,NA,NA,"00000651",NA,"2000-2009",233698.203125,2527.16633606684,-121.048959888368,39.3649525327753,19.48623046875
7347,2004,"CA","USF U.S. Forest Service","ANF","FISHER","00000000",2004-08-30 07:00:00,2004-08-30 07:00:00,"Miscellaneous","Unknown","Suppression (Wildfire)",13.47634,NA,NA,NA,"00000142",NA,"2000-2009",80667.015625,1515.07216154666,-118.713524999098,34.5912848683888,20.668115234375
7326,2004,"CA","CDF CAL FIRE (State)","SHU","TIERRA","00006988",2004-08-31 07:00:00,2004-08-31 07:00:00,"Unknown/Unidentified","Mixed Methods","Suppression (Wildfire)",18.38979,NA,NA,NA,"00000456",NA,"2000-2009",129527.01171875,1908.94304799922,-122.346291449706,40.6781223531863,23.055078125
7182,2004,"CA","CDF CAL FIRE (State)","MMU","BEAR","00016500",2004-09-02 07:00:00,2004-09-04 07:00:00,"Unknown/Unidentified","Hand-drawn","Suppression (Wildfire)",456.0668,NA,NA,NA,"00000340",NA,"2000-2009",2932887.84375,7524.90895890036,-119.953639024446,37.4412389327857,23.6732421875
7214,2004,"CA","CDF CAL FIRE (State)","RRU","MORALES","00070756",2004-09-02 07:00:00,2004-09-02 07:00:00,"Unknown/Unidentified","Unknown","Suppression (Wildfire)",184.0792,NA,NA,NA,"00001590",NA,"2000-2009",1072976.48828125,5057.96652372891,-117.063914323015,33.453361753316,23.313623046875
7232,2004,"CA","CDF CAL FIRE (State)","SHU","RHONDA","00007058",2004-09-02 07:00:00,2004-09-02 07:00:00,"Unknown/Unidentified","Mixed Methods","Suppression (Wildfire)",116.6485,NA,NA,NA,"00000461",NA,"2000-2009",815502.3203125,3966.62609196869,-122.287227541872,40.4265759902515,24.489892578125
7334,2004,"CA","USF U.S. Forest Service","SRF","ARMSTRONG","00000000",2004-09-02 07:00:00,NA,"Equipment Use","GPS Air","Suppression (Wildfire)",16.25216,NA,NA,NA,"00000065",NA,"2000-2009",112844.12109375,1606.98876825858,-123.330249155255,40.1931804019738,14.872216796875
7127,2004,"CA","CDF CAL FIRE (State)","LNU","GEYSERS","00006644",2004-09-03 07:00:00,2004-09-15 07:00:00,"Equipment Use","GPS Air","Suppression (Wildfire)",12244.4,NA,NA,NA,"00000694",NA,"2000-2009",81535204.2695312,56090.0776331238,-122.747362291989,38.7263089923856,19.16640625
7145,2004,"CA","CDF CAL FIRE (State)","TCU","PATTISON","00007413",2004-09-03 07:00:00,2004-09-05 07:00:00,"Vehicle","GPS Air","Suppression (Wildfire)",2483.137,NA,NA,NA,"00000761",NA,"2000-2009",16285696.3007812,44804.9326028254,-120.870891076252,38.1732877239935,20.332666015625
7212,2004,"CA","CDF CAL FIRE (State)","TCU","PG&E #11","00007424",2004-09-03 07:00:00,2004-09-04 07:00:00,"Powerline","GPS Air","Suppression (Wildfire)",192.8287,NA,NA,NA,"00000762",NA,"2000-2009",1265547.83203125,6991.85550416835,-120.798084971992,38.1987685641854,20.051171875
7227,2004,"CA","CDF CAL FIRE (State)","SHU","ANTLER","00007096",2004-09-03 07:00:00,2004-09-03 07:00:00,"Unknown/Unidentified","Mixed Methods","Suppression (Wildfire)",120.6013,NA,NA,NA,"00000463",NA,"2000-2009",844896.9921875,4765.10349586993,-122.196645748486,40.4972028337921,21.028955078125
7160,2004,"CA","CDF CAL FIRE (State)","LNU","CEMENT","00006675",2004-09-04 07:00:00,2004-09-04 07:00:00,"Unknown/Unidentified","Hand-drawn","Suppression (Wildfire)",1006.852,NA,NA,NA,"00000552",NA,"2000-2009",6626744.8203125,13039.5060675694,-121.988150995695,38.3023699038326,23.777490234375
7362,2004,"CA","NPS National Park Service","MNP","PIUTE","0049",2004-09-04 07:00:00,2004-09-06 07:00:00,"Lightning","Unknown","Suppression (Wildfire)",10.80987,NA,NA,NA,"49",NA,"2000-2009",65523.4375,4136.45908641949,-114.987803545771,35.1124458272251,22.558251953125
7205,2004,"CA","CCO Contract County","LAC","MUNZ","00183690",2004-09-05 07:00:00,2004-09-06 07:00:00,"Arson","Hand-drawn","Suppression (Wildfire)",267.4607,NA,NA,NA,"00183690",NA,"2000-2009",1603892.9609375,8611.71809289154,-118.372937845859,34.6675574576774,18.8265625
7211,2004,"CA","CDF CAL FIRE (State)","TGU","HAZEN","00005549",2004-09-05 07:00:00,2004-09-05 07:00:00,"Campfire","Mixed Methods","Suppression (Wildfire)",196.5969,NA,NA,NA,"00000203",NA,"2000-2009",1374516.8828125,7100.63943143513,-121.85605113412,40.4287210400193,19.043115234375
7233,2004,"CA","CDF CAL FIRE (State)","AEU","POWERHOUSE","00015580",2004-09-05 07:00:00,2004-09-19 07:00:00,"Powerline","GPS Ground","Suppression (Wildfire)",113.4258,NA,NA,NA,"00000607",NA,"2000-2009",749254.640625,4288.29282089183,-120.51479012072,38.435348830945,17.344140625
7282,2004,"CA","USF U.S. Forest Service","SRF","WILDER","00000000",2004-09-05 07:00:00,2004-09-10 07:00:00,"Miscellaneous","Hand-drawn","Suppression (Wildfire)",47.35424,NA,NA,NA,"00000068",NA,"2000-2009",339697.1328125,2607.11229442683,-123.563926307849,41.286373480605,16.5248046875
7360,2004,"CA","BLM Bureau of Land Management","BBD","HUNTER","00000000",2004-09-05 07:00:00,2004-09-05 07:00:00,"Equipment Use","Mixed Methods","Suppression (Wildfire)",11.19639,NA,NA,NA,"0000BEF7",NA,"2000-2009",72345.60546875,991.593724015587,-120.187240951339,37.6202378069637,18.9779296875
7368,2004,"CA","CDF CAL FIRE (State)","MVU","LUCKY","00007315",2004-09-05 07:00:00,2004-09-05 07:00:00,"Unknown/Unidentified","Unknown","Suppression (Wildfire)",9.325874,NA,NA,NA,"00000802",NA,"2000-2009",53777.14453125,1258.84540138772,-116.522683659325,32.977683256802,21.615625
7352,2004,"CA","CDF CAL FIRE (State)","SKU","HILT","00003958",2004-09-06 07:00:00,2004-09-06 07:00:00,"Smoking","GPS Ground","Suppression (Wildfire)",12.18709,NA,NA,NA,"00000378",NA,"2000-2009",89347.9140625,1475.5434768806,-122.620583496271,41.9928891663554,12.3763671875
7370,2004,"CA","CDF CAL FIRE (State)","MVU","BANDY","00007357",2004-09-06 07:00:00,2004-09-06 07:00:00,"Playing with Fire","Unknown","Suppression (Wildfire)",8.407926,NA,NA,NA,"00000811",NA,"2000-2009",48585.453125,962.643510722355,-117.009115989835,33.0708420779785,22.9623046875
7157,2004,"CA","USF U.S. Forest Service","BDF","RUNWAY","00000000",2004-09-07 07:00:00,NA,"Equipment Use","GPS Air","Suppression (Wildfire)",1194.047,NA,NA,NA,"00000177",NA,"2000-2009",7107184.31640625,24471.0989520454,-117.497261576343,34.3539053917665,21.485986328125
7190,2004,"CA","CDF CAL FIRE (State)","MRN","DOLCINI","00001778",2004-09-07 07:00:00,2004-09-09 07:00:00,"Unknown/Unidentified","GPS Ground","Suppression (Wildfire)",364.554,NA,NA,NA,"00000065",NA,"2000-2009",2390125.99609375,9140.33647273961,-122.768229717228,38.1608837730426,16.49990234375
7309,2004,"CA","CDF CAL FIRE (State)","SHU","CASSEL","00007278",2004-09-08 07:00:00,2004-09-08 07:00:00,"Smoking","Mixed Methods","Suppression (Wildfire)",26.30577,NA,NA,NA,"00000481",NA,"2000-2009",186872.0625,3259.65635536693,-121.573695805342,40.9636139627618,19.4291015625
7393,2004,"CA","CDF CAL FIRE (State)","SHU","VALLEY","00007280",2004-09-08 07:00:00,2004-09-08 07:00:00,"Arson","Mixed Methods","Suppression (Wildfire)",0.6727278,NA,NA,NA,"00000482",NA,"2000-2009",4701.38671875,260.82371518129,-122.273987804565,40.4141115798607,23.950341796875
7315,2004,"CA","CDF CAL FIRE (State)","MVU","HI PASS","00007500",2004-09-10 07:00:00,2004-09-10 07:00:00,"Lightning","GPS Ground","Suppression (Wildfire)",23.47614,NA,NA,NA,"00000827",NA,"2000-2009",134543.14453125,2752.59875603216,-116.329854295155,32.7018738726526,23.49990234375
7201,2004,"CA","USF U.S. Forest Service","SQF","CHINA","00000000",2004-09-11 07:00:00,2004-09-12 07:00:00,"Miscellaneous","Hand-drawn","Suppression (Wildfire)",290.0282,NA,NA,NA,"00000073",NA,"2000-2009",1775874.5078125,6604.99930807158,-118.647933627985,35.5253767301052,24.35048828125
7206,2004,"CA","USF U.S. Forest Service","SNF","NEHOUSE","00000000",2004-09-11 07:00:00,2004-09-15 07:00:00,"Miscellaneous","Unknown","Suppression (Wildfire)",254.4179,NA,NA,NA,"00000070",NA,"2000-2009",1634368.66796875,6672.11416769748,-119.306356061195,37.400824024848,14.02041015625
7324,2004,"CA","CDF CAL FIRE (State)","LNU","OCEGUERA","00006957",2004-09-11 07:00:00,2004-09-11 07:00:00,"Unknown/Unidentified","GPS Ground","Suppression (Wildfire)",19.60407,NA,NA,NA,"00000593",NA,"2000-2009",129844.23828125,2027.15574237523,-122.720696608728,38.53229449388,17.952783203125
7155,2004,"CA","CDF CAL FIRE (State)","MMU","OLD HWY/MPUD 149","00017290",2004-09-12 07:00:00,2004-09-15 07:00:00,"Arson","Mixed Methods","Suppression (Wildfire)",1334.791,NA,NA,NA,"00000359",NA,"2000-2009",8593991.66796875,18580.5065508636,-119.946862129487,37.4859053880564,22.04873046875
7167,2004,"CA","USF U.S. Forest Service","STF","TUOLUMNE",NA,2004-09-12 07:00:00,2004-09-17 07:00:00,"Miscellaneous","GPS Air","Suppression (Wildfire)",721.4598,"20090305",NA,NA,"00000066",NA,"2000-2009",4689845.6640625,12786.0156004109,-120.017015469054,37.8448231465896,18.6634765625
7297,2004,"CA","BLM Bureau of Land Management","BBD","UNION","00000000",2004-09-12 07:00:00,2004-09-12 07:00:00,"Equipment Use","Mixed Methods","Suppression (Wildfire)",34.92723,NA,NA,NA,"0000BE8U",NA,"2000-2009",232129.3671875,2016.03720953583,-120.82800245458,38.6564006018651,20.994775390625
7166,2004,"CA","CDF CAL FIRE (State)","MVU","BORDER #16","00007603",2004-09-13 07:00:00,2004-09-13 07:00:00,"Miscellaneous","GPS Ground","Suppression (Wildfire)",828.2405,NA,NA,NA,"00000848",NA,"2000-2009",4735209.390625,18637.9125108223,-116.520570022471,32.5924906089913,19.055810546875
7394,2004,"CA","CDF CAL FIRE (State)","SHU","LOCUST","00007522",2004-09-15 07:00:00,2004-09-15 07:00:00,"Arson","Mixed Methods","Suppression (Wildfire)",0.25277,NA,NA,NA,"00000503",NA,"2000-2009",1765.94921875,243.866232367156,-122.273653162025,40.4035805174018,23.045556640625
7226,2004,"CA","USF U.S. Forest Service","ANF","VISITOR","00000000",2004-09-16 07:00:00,2004-09-16 07:00:00,"Equipment Use","Unknown","Suppression (Wildfire)",120.7702,NA,NA,NA,"00000163",NA,"2000-2009",724429.66015625,3907.23757477445,-118.775965432072,34.6791896416955,18.65859375
7237,2004,"CA","USF U.S. Forest Service","STF","LITTLE",NA,2004-09-17 07:00:00,2004-09-18 07:00:00,"Equipment Use","GPS Air","Suppression (Wildfire)",95.8085,"20090305",NA,NA,"00000068",NA,"2000-2009",629533.80078125,5378.87164109616,-120.081416361659,38.24168086764,12.95693359375
7216,2004,"CA","USF U.S. Forest Service","BDF","MILL CREEK","00000000",2004-09-23 07:00:00,NA,"Equipment Use","Hand-drawn","Suppression (Wildfire)",173.3915,NA,NA,NA,"00000178",NA,"2000-2009",1025439.12109375,5323.80689583405,-117.051740427801,34.080384981192,15.375634765625
7329,2004,"CA","CCO Contract County","ORC","CARBON CANYON","00058358",2004-09-25 07:00:00,2004-09-25 07:00:00,"Arson","Unknown","Suppression (Wildfire)",17.69472,NA,NA,NA,"00058358",NA,"2000-2009",104263.7265625,2865.37299459747,-117.82454680687,33.9232114825744,20.123681640625
7350,2004,"CA","CCO Contract County","ORC","SANTIAGO","00058312",2004-09-25 07:00:00,2004-09-25 07:00:00,"Vehicle","Unknown","Suppression (Wildfire)",12.41436,NA,NA,NA,"00058312",NA,"2000-2009",72811.6484375,1394.36495205713,-117.646164118893,33.7231880777365,20.441796875
7218,2004,"CA","USF U.S. Forest Service","SHF","MILL","00000000",2004-09-27 07:00:00,2004-09-29 07:00:00,"Miscellaneous","Unknown","Suppression (Wildfire)",164.0517,NA,NA,NA,"00000149",NA,"2000-2009",1168278.19921875,5340.69299517655,-123.101413846792,41.0455883496524,10.922509765625
7123,2004,"CA","USF U.S. Forest Service","ENF","POWER","00000000",2004-10-06 07:00:00,2004-10-21 07:00:00,"Equipment Use","GPS Air","Suppression (Wildfire)",16983.07,NA,NA,NA,"00000109",NA,"2000-2009",112390413.796875,83759.3115597563,-120.279204504525,38.5019251007749,9.14077148437502
7203,2004,"CA","CDF CAL FIRE (State)","HUU","PILOT","00005468",2004-10-06 07:00:00,2004-10-08 07:00:00,"Playing with Fire","GPS Air","Suppression (Wildfire)",282.8737,NA,NA,NA,"00000086",NA,"2000-2009",1986360.55859375,8942.19198363106,-123.623215940841,40.5759887495596,12.307275390625
7122,2004,"CA","CDF CAL FIRE (State)","LNU","RUMSEY","00007867",2004-10-10 07:00:00,2004-10-17 07:00:00,"Arson","Mixed Methods","Suppression (Wildfire)",38763.02,NA,NA,NA,"00000694",NA,"2000-2009",258341947.652344,131221.327760214,-122.273379721517,38.756881555275,16.98427734375
7219,2004,"CA","CDF CAL FIRE (State)","LNU","PINE","00007858",2004-10-10 07:00:00,2004-10-11 07:00:00,"Unknown/Unidentified","Hand-drawn","Suppression (Wildfire)",162.1315,NA,NA,NA,"00000640",NA,"2000-2009",1080906.34765625,4930.25931356983,-122.787676838675,38.7688265398828,12.937158203125
7364,2004,"CA","USF U.S. Forest Service","BDF","RIVER","00000000",2004-10-10 07:00:00,NA,"Miscellaneous","Hand-drawn","Suppression (Wildfire)",10.1936,NA,NA,NA,"00000188",NA,"2000-2009",59784.91015625,1522.87653436518,-116.801745553777,33.7219657502496,14.08388671875
7217,2004,"CA","CDF CAL FIRE (State)","LNU","GEYSERS","00007910",2004-10-12 07:00:00,2004-10-13 07:00:00,"Arson","Hand-drawn","Suppression (Wildfire)",169.7082,NA,NA,NA,"00000705",NA,"2000-2009",1131492.23046875,4753.03577682567,-122.855566691869,38.771151690889,16.999169921875
7133,2004,"CA","USF U.S. Forest Service","ENF","FREDS","00000000",2004-10-13 07:00:00,2004-10-17 07:00:00,"Equipment Use","GPS Air","Suppression (Wildfire)",7557.607,NA,NA,NA,"00000111",NA,"2000-2009",50410483.2109375,46266.7233958091,-120.318735581344,38.7866860047152,12.55556640625
7149,2004,"CA","NPS National Park Service","YNP","HETCHY","00004243",2004-10-15 07:00:00,2004-10-18 07:00:00,"Arson","Other Imagery","Suppression (Wildfire)",1936.11,NA,NA,NA,"00004243",NA,"2000-2009",12626861.5546875,25379.7698693567,-119.714122410786,37.9660410132119,6.27968750000002
7223,2004,"CA","USF U.S. Forest Service","TNF","MARTIN","00000000",2004-11-02 08:00:00,2004-11-02 08:00:00,"Debris","GPS Air","Suppression (Wildfire)",130.8606,"reported size 70, GPS was 131 ac",NA,NA,"00000111",NA,"2000-2009",897439.90234375,6589.32422783548,-120.186592350272,39.7672974788132,-1.20395507812498
7262,2004,"CA","BLM Bureau of Land Management","CDD","NORTH MTN","00000000",2004-11-08 08:00:00,2004-11-09 08:00:00,"Equipment Use","Mixed Methods","Suppression (Wildfire)",65.38384,NA,NA,NA,"0000DC85",NA,"2000-2009",384549.12109375,10500.3830100922,-116.874821478779,33.8430803228583,8.24697265625002
7336,2004,"CA","USF U.S. Forest Service","PNF","MISSION","00000000",2004-11-19 08:00:00,2004-11-19 08:00:00,"Debris","Hand-drawn","Suppression (Wildfire)",15.72393,NA,NA,NA,"00000200",NA,"2000-2009",109018.0390625,1720.12251327563,-120.892660859683,40.1435132046855,1.88222656250002
7377,2004,"CA","USF U.S. Forest Service","TNF","MITCHELL","00000000",2004-11-20 08:00:00,2004-11-20 08:00:00,"Debris","GPS Air","Suppression (Wildfire)",5.630929,"reported size 11, fire report 8, GPS was 5.6 ac",NA,NA,"00000112",NA,"2000-2009",37898.85546875,1219.8672860613,-120.686792123331,39.1083865396232,4.24062500000002
7278,2004,"CA","USF U.S. Forest Service","SHF","MOUNTAIN","00000000",2004-11-21 08:00:00,2004-11-24 08:00:00,"Campfire","Unknown","Suppression (Wildfire)",50.45284,NA,NA,NA,"00000162",NA,"2000-2009",357462.48828125,2586.54561632374,-122.181600015755,40.8755569113198,4.72524414062502
7330,2004,"CA","USF U.S. Forest Service","TNF","LOWELL","00000000",2004-11-24 08:00:00,2004-11-21 08:00:00,"Debris","Hand-drawn","Suppression (Wildfire)",16.96921,NA,NA,NA,"00000113",NA,"2000-2009",114754.84375,1310.20351247527,-120.755026660525,39.2766536438428,2.78334960937502
